province_code,parameter,first,last,valid_days,missing_days
22,T2M,1981-01-01,2026-09-22,16701,3
22,T2M_MAX,1981-01-01,2026-09-22,16701,3
22,T2M_MIN,1981-01-01,2026-09-22,16701,3
22,RH2M,1981-01-01,2026-09-22,16701,3
22,PRECTOTCORR,1981-01-01,2026-09-22,16701,3
22,ALLSKY_SFC_SW_DWN,1984-01-01,2026-09-20,15604,1100
22,WS2M,1981-01-01,2026-09-22,16701,3
33,T2M,1981-01-01,2026-09-22,16701,3
33,T2M_MAX,1981-01-01,2026-09-22,16701,3
33,T2M_MIN,1981-01-01,2026-09-22,16701,3
33,RH2M,1981-01-01,2026-09-22,16701,3
33,PRECTOTCORR,1981-01-01,2026-09-22,16701,3
33,ALLSKY_SFC_SW_DWN,1984-01-01,2026-09-20,15604,1100
33,WS2M,1981-01-01,2026-09-22,16701,3
53,T2M,1981-01-01,2026-09-22,16701,3
53,T2M_MAX,1981-01-01,2026-09-22,16701,3
53,T2M_MIN,1981-01-01,2026-09-22,16701,3
53,RH2M,1981-01-01,2026-09-22,16701,3
53,PRECTOTCORR,1981-01-01,2026-09-22,16701,3
53,ALLSKY_SFC_SW_DWN,1984-01-01,2026-09-20,15604,1100
53,WS2M,1981-01-01,2026-09-22,16701,3
84,T2M,1981-01-01,2026-09-22,16701,3
84,T2M_MAX,1981-01-01,2026-09-22,16701,3
84,T2M_MIN,1981-01-01,2026-09-22,16701,3
84,RH2M,1981-01-01,2026-09-22,16701,3
84,PRECTOTCORR,1981-01-01,2026-09-22,16701,3
84,ALLSKY_SFC_SW_DWN,1984-01-01,2026-09-20,15604,1100
84,WS2M,1981-01-01,2026-09-22,16701,3
86,T2M,1981-01-01,2026-09-22,16701,3
86,T2M_MAX,1981-01-01,2026-09-22,16701,3
86,T2M_MIN,1981-01-01,2026-09-22,16701,3
86,RH2M,1981-01-01,2026-09-22,16701,3
86,PRECTOTCORR,1981-01-01,2026-09-22,16701,3
86,ALLSKY_SFC_SW_DWN,1984-01-01,2026-09-20,15604,1100
86,WS2M,1981-01-01,2026-09-22,16701,3
