province_code,district,latitude,longitude,point_method
22,อ.ขลุง,12.73719,102.39945,จุดภายในหน่วยดินชิ้นใหญ่สุดที่มีชื่ออำเภอนี้ ไม่ใช่พิกัดสวนหรือค่าเฉลี่ยอำเภอ
22,อ.เขาคิชฌกูฏ,12.98862,102.13953,จุดภายในหน่วยดินชิ้นใหญ่สุดที่มีชื่ออำเภอนี้ ไม่ใช่พิกัดสวนหรือค่าเฉลี่ยอำเภอ
22,อ.ท่าใหม่,12.61726,101.94304,จุดภายในหน่วยดินชิ้นใหญ่สุดที่มีชื่ออำเภอนี้ ไม่ใช่พิกัดสวนหรือค่าเฉลี่ยอำเภอ
22,อ.นายายอาม,12.78217,101.85502,จุดภายในหน่วยดินชิ้นใหญ่สุดที่มีชื่ออำเภอนี้ ไม่ใช่พิกัดสวนหรือค่าเฉลี่ยอำเภอ
22,อ.โป่งน้ำร้อน,12.83277,102.46886,จุดภายในหน่วยดินชิ้นใหญ่สุดที่มีชื่ออำเภอนี้ ไม่ใช่พิกัดสวนหรือค่าเฉลี่ยอำเภอ
22,อ.มะขาม,12.608,102.21373,จุดภายในหน่วยดินชิ้นใหญ่สุดที่มีชื่ออำเภอนี้ ไม่ใช่พิกัดสวนหรือค่าเฉลี่ยอำเภอ
22,อ.เมืองจันทบุรี,12.57323,102.18649,จุดภายในหน่วยดินชิ้นใหญ่สุดที่มีชื่ออำเภอนี้ ไม่ใช่พิกัดสวนหรือค่าเฉลี่ยอำเภอ
22,อ.สอยดาว,13.27549,102.13641,จุดภายในหน่วยดินชิ้นใหญ่สุดที่มีชื่ออำเภอนี้ ไม่ใช่พิกัดสวนหรือค่าเฉลี่ยอำเภอ
22,อ.แหลมสิงห์,12.39784,102.1783,จุดภายในหน่วยดินชิ้นใหญ่สุดที่มีชื่ออำเภอนี้ ไม่ใช่พิกัดสวนหรือค่าเฉลี่ยอำเภอ
22,อ.แก่งหางแมว,13.08654,101.73712,จุดภายในหน่วยดินชิ้นใหญ่สุดที่มีชื่ออำเภอนี้ ไม่ใช่พิกัดสวนหรือค่าเฉลี่ยอำเภอ
33,อ.กันทรารมย์,15.20067,104.52534,จุดภายในหน่วยดินชิ้นใหญ่สุดที่มีชื่ออำเภอนี้ ไม่ใช่พิกัดสวนหรือค่าเฉลี่ยอำเภอ
33,อ.ขุขันธ์,14.74626,104.21358,จุดภายในหน่วยดินชิ้นใหญ่สุดที่มีชื่ออำเภอนี้ ไม่ใช่พิกัดสวนหรือค่าเฉลี่ยอำเภอ
33,อ.ขุนหาญ,14.42487,104.28775,จุดภายในหน่วยดินชิ้นใหญ่สุดที่มีชื่ออำเภอนี้ ไม่ใช่พิกัดสวนหรือค่าเฉลี่ยอำเภอ
33,อ.น้ำเกลี้ยง,14.9243,104.52979,จุดภายในหน่วยดินชิ้นใหญ่สุดที่มีชื่ออำเภอนี้ ไม่ใช่พิกัดสวนหรือค่าเฉลี่ยอำเภอ
33,อ.โนนคูณ,14.89154,104.63999,จุดภายในหน่วยดินชิ้นใหญ่สุดที่มีชื่ออำเภอนี้ ไม่ใช่พิกัดสวนหรือค่าเฉลี่ยอำเภอ
33,อ.บึงบูรพ์,15.31825,104.06237,จุดภายในหน่วยดินชิ้นใหญ่สุดที่มีชื่ออำเภอนี้ ไม่ใช่พิกัดสวนหรือค่าเฉลี่ยอำเภอ
33,อ.เบญจลักษ์,14.82484,104.69256,จุดภายในหน่วยดินชิ้นใหญ่สุดที่มีชื่ออำเภอนี้ ไม่ใช่พิกัดสวนหรือค่าเฉลี่ยอำเภอ
33,อ.ปรางค์กู่,14.88113,104.05655,จุดภายในหน่วยดินชิ้นใหญ่สุดที่มีชื่ออำเภอนี้ ไม่ใช่พิกัดสวนหรือค่าเฉลี่ยอำเภอ
33,อ.พยุห์,14.90555,104.39559,จุดภายในหน่วยดินชิ้นใหญ่สุดที่มีชื่ออำเภอนี้ ไม่ใช่พิกัดสวนหรือค่าเฉลี่ยอำเภอ
33,อ.โพธิ์ศรีสุวรรณ,15.21678,104.08093,จุดภายในหน่วยดินชิ้นใหญ่สุดที่มีชื่ออำเภอนี้ ไม่ใช่พิกัดสวนหรือค่าเฉลี่ยอำเภอ
33,อ.ไพรบึง,14.82626,104.34573,จุดภายในหน่วยดินชิ้นใหญ่สุดที่มีชื่ออำเภอนี้ ไม่ใช่พิกัดสวนหรือค่าเฉลี่ยอำเภอ
33,อ.ภูสิงห์,14.42137,104.15653,จุดภายในหน่วยดินชิ้นใหญ่สุดที่มีชื่ออำเภอนี้ ไม่ใช่พิกัดสวนหรือค่าเฉลี่ยอำเภอ
33,อ.เมืองจันทร์,15.19238,104.00766,จุดภายในหน่วยดินชิ้นใหญ่สุดที่มีชื่ออำเภอนี้ ไม่ใช่พิกัดสวนหรือค่าเฉลี่ยอำเภอ
33,อ.เมืองศรีเกษ,14.97621,104.33571,จุดภายในหน่วยดินชิ้นใหญ่สุดที่มีชื่ออำเภอนี้ ไม่ใช่พิกัดสวนหรือค่าเฉลี่ยอำเภอ
33,อ.ยางชุมน้อย,15.32812,104.34999,จุดภายในหน่วยดินชิ้นใหญ่สุดที่มีชื่ออำเภอนี้ ไม่ใช่พิกัดสวนหรือค่าเฉลี่ยอำเภอ
33,อ.ราษีไศล,15.34343,104.2752,จุดภายในหน่วยดินชิ้นใหญ่สุดที่มีชื่ออำเภอนี้ ไม่ใช่พิกัดสวนหรือค่าเฉลี่ยอำเภอ
33,อ.วังหิน,14.96193,104.15799,จุดภายในหน่วยดินชิ้นใหญ่สุดที่มีชื่ออำเภอนี้ ไม่ใช่พิกัดสวนหรือค่าเฉลี่ยอำเภอ
33,อ.ศรีรัตนะ,14.81009,104.43676,จุดภายในหน่วยดินชิ้นใหญ่สุดที่มีชื่ออำเภอนี้ ไม่ใช่พิกัดสวนหรือค่าเฉลี่ยอำเภอ
33,อ.ศิลาลาด,15.51308,104.10455,จุดภายในหน่วยดินชิ้นใหญ่สุดที่มีชื่ออำเภอนี้ ไม่ใช่พิกัดสวนหรือค่าเฉลี่ยอำเภอ
33,อ.ห้วยทับทัน,15.03316,104.03883,จุดภายในหน่วยดินชิ้นใหญ่สุดที่มีชื่ออำเภอนี้ ไม่ใช่พิกัดสวนหรือค่าเฉลี่ยอำเภอ
33,อ.อุทุมพรพิสัย,15.19662,104.21326,จุดภายในหน่วยดินชิ้นใหญ่สุดที่มีชื่ออำเภอนี้ ไม่ใช่พิกัดสวนหรือค่าเฉลี่ยอำเภอ
33,อ.กันทรลักษ์,14.42463,104.74882,จุดภายในหน่วยดินชิ้นใหญ่สุดที่มีชื่ออำเภอนี้ ไม่ใช่พิกัดสวนหรือค่าเฉลี่ยอำเภอ
53,อ.ทองแสนขัน,17.45813,100.55421,จุดภายในหน่วยดินชิ้นใหญ่สุดที่มีชื่ออำเภอนี้ ไม่ใช่พิกัดสวนหรือค่าเฉลี่ยอำเภอ
53,อ.ท่าปลา,17.89231,100.66479,จุดภายในหน่วยดินชิ้นใหญ่สุดที่มีชื่ออำเภอนี้ ไม่ใช่พิกัดสวนหรือค่าเฉลี่ยอำเภอ
53,อ.น้ำปาด,17.68757,100.70514,จุดภายในหน่วยดินชิ้นใหญ่สุดที่มีชื่ออำเภอนี้ ไม่ใช่พิกัดสวนหรือค่าเฉลี่ยอำเภอ
53,อ.บ้านโคก,18.05384,101.15044,จุดภายในหน่วยดินชิ้นใหญ่สุดที่มีชื่ออำเภอนี้ ไม่ใช่พิกัดสวนหรือค่าเฉลี่ยอำเภอ
53,อ.พิชัย,17.30942,100.16603,จุดภายในหน่วยดินชิ้นใหญ่สุดที่มีชื่ออำเภอนี้ ไม่ใช่พิกัดสวนหรือค่าเฉลี่ยอำเภอ
53,อ.ฟากท่า,18.019,100.93295,จุดภายในหน่วยดินชิ้นใหญ่สุดที่มีชื่ออำเภอนี้ ไม่ใช่พิกัดสวนหรือค่าเฉลี่ยอำเภอ
53,อ.เมืองอุตรดิตถ์,17.76614,100.23841,จุดภายในหน่วยดินชิ้นใหญ่สุดที่มีชื่ออำเภอนี้ ไม่ใช่พิกัดสวนหรือค่าเฉลี่ยอำเภอ
53,อ.ลับแล,17.70557,100.06395,จุดภายในหน่วยดินชิ้นใหญ่สุดที่มีชื่ออำเภอนี้ ไม่ใช่พิกัดสวนหรือค่าเฉลี่ยอำเภอ
53,อ.ตรอน,17.46076,100.09336,จุดภายในหน่วยดินชิ้นใหญ่สุดที่มีชื่ออำเภอนี้ ไม่ใช่พิกัดสวนหรือค่าเฉลี่ยอำเภอ
84,อ.เกาะพะงัน,9.74152,100.04434,จุดภายในหน่วยดินชิ้นใหญ่สุดที่มีชื่ออำเภอนี้ ไม่ใช่พิกัดสวนหรือค่าเฉลี่ยอำเภอ
84,อ.เกาะสมุย,9.51532,99.99585,จุดภายในหน่วยดินชิ้นใหญ่สุดที่มีชื่ออำเภอนี้ ไม่ใช่พิกัดสวนหรือค่าเฉลี่ยอำเภอ
84,อ.คีรีรัฐนิคม,9.10999,98.82937,จุดภายในหน่วยดินชิ้นใหญ่สุดที่มีชื่ออำเภอนี้ ไม่ใช่พิกัดสวนหรือค่าเฉลี่ยอำเภอ
84,อ.เคียนซา,8.70324,99.08971,จุดภายในหน่วยดินชิ้นใหญ่สุดที่มีชื่ออำเภอนี้ ไม่ใช่พิกัดสวนหรือค่าเฉลี่ยอำเภอ
84,อ.ชัยบุรี,8.48947,98.95773,จุดภายในหน่วยดินชิ้นใหญ่สุดที่มีชื่ออำเภอนี้ ไม่ใช่พิกัดสวนหรือค่าเฉลี่ยอำเภอ
84,อ.ไชยา,9.47347,98.87166,จุดภายในหน่วยดินชิ้นใหญ่สุดที่มีชื่ออำเภอนี้ ไม่ใช่พิกัดสวนหรือค่าเฉลี่ยอำเภอ
84,อ.ดอนสัก,9.29032,99.66371,จุดภายในหน่วยดินชิ้นใหญ่สุดที่มีชื่ออำเภอนี้ ไม่ใช่พิกัดสวนหรือค่าเฉลี่ยอำเภอ
84,อ.ท่าฉาง,9.4009,98.77538,จุดภายในหน่วยดินชิ้นใหญ่สุดที่มีชื่ออำเภอนี้ ไม่ใช่พิกัดสวนหรือค่าเฉลี่ยอำเภอ
84,อ.ท่าชนะ,9.61732,98.82948,จุดภายในหน่วยดินชิ้นใหญ่สุดที่มีชื่ออำเภอนี้ ไม่ใช่พิกัดสวนหรือค่าเฉลี่ยอำเภอ
84,อ.บ้านตาขุน,9.13185,98.54124,จุดภายในหน่วยดินชิ้นใหญ่สุดที่มีชื่ออำเภอนี้ ไม่ใช่พิกัดสวนหรือค่าเฉลี่ยอำเภอ
84,อ.บ้านนาเดิม,8.85009,99.28975,จุดภายในหน่วยดินชิ้นใหญ่สุดที่มีชื่ออำเภอนี้ ไม่ใช่พิกัดสวนหรือค่าเฉลี่ยอำเภอ
84,อ.บ้านนาสาร,8.79746,99.49221,จุดภายในหน่วยดินชิ้นใหญ่สุดที่มีชื่ออำเภอนี้ ไม่ใช่พิกัดสวนหรือค่าเฉลี่ยอำเภอ
84,อ.พนม,8.80578,98.64853,จุดภายในหน่วยดินชิ้นใหญ่สุดที่มีชื่ออำเภอนี้ ไม่ใช่พิกัดสวนหรือค่าเฉลี่ยอำเภอ
84,อ.พระแสง,8.57548,99.07912,จุดภายในหน่วยดินชิ้นใหญ่สุดที่มีชื่ออำเภอนี้ ไม่ใช่พิกัดสวนหรือค่าเฉลี่ยอำเภอ
84,อ.พุนพิน,9.00153,99.1987,จุดภายในหน่วยดินชิ้นใหญ่สุดที่มีชื่ออำเภอนี้ ไม่ใช่พิกัดสวนหรือค่าเฉลี่ยอำเภอ
84,อ.เมืองสุราษฎร์ธานี,9.16092,99.27819,จุดภายในหน่วยดินชิ้นใหญ่สุดที่มีชื่ออำเภอนี้ ไม่ใช่พิกัดสวนหรือค่าเฉลี่ยอำเภอ
84,อ.วิภาวดี,9.2621,98.80617,จุดภายในหน่วยดินชิ้นใหญ่สุดที่มีชื่ออำเภอนี้ ไม่ใช่พิกัดสวนหรือค่าเฉลี่ยอำเภอ
84,อ.เวียงสระ,8.65143,99.46181,จุดภายในหน่วยดินชิ้นใหญ่สุดที่มีชื่ออำเภอนี้ ไม่ใช่พิกัดสวนหรือค่าเฉลี่ยอำเภอ
84,อ.กาญจนดิษฐ์,8.98539,99.69414,จุดภายในหน่วยดินชิ้นใหญ่สุดที่มีชื่ออำเภอนี้ ไม่ใช่พิกัดสวนหรือค่าเฉลี่ยอำเภอ
86,อ.หลังสวน,10.00199,98.92872,จุดภายในหน่วยดินชิ้นใหญ่สุดที่มีชื่ออำเภอนี้ ไม่ใช่พิกัดสวนหรือค่าเฉลี่ยอำเภอ
86,อ.ท่าแซะ,10.78476,98.98542,จุดภายในหน่วยดินชิ้นใหญ่สุดที่มีชื่ออำเภอนี้ ไม่ใช่พิกัดสวนหรือค่าเฉลี่ยอำเภอ
86,อ.ทุ่งตะโก,10.0772,98.93678,จุดภายในหน่วยดินชิ้นใหญ่สุดที่มีชื่ออำเภอนี้ ไม่ใช่พิกัดสวนหรือค่าเฉลี่ยอำเภอ
86,อ.ปะทิว,10.96002,99.44683,จุดภายในหน่วยดินชิ้นใหญ่สุดที่มีชื่ออำเภอนี้ ไม่ใช่พิกัดสวนหรือค่าเฉลี่ยอำเภอ
86,อ.พะโต๊ะ,9.80263,98.721,จุดภายในหน่วยดินชิ้นใหญ่สุดที่มีชื่ออำเภอนี้ ไม่ใช่พิกัดสวนหรือค่าเฉลี่ยอำเภอ
86,อ.เมืองชุมพร,10.44203,98.9593,จุดภายในหน่วยดินชิ้นใหญ่สุดที่มีชื่ออำเภอนี้ ไม่ใช่พิกัดสวนหรือค่าเฉลี่ยอำเภอ
86,อ.ละแม,9.75625,98.91919,จุดภายในหน่วยดินชิ้นใหญ่สุดที่มีชื่ออำเภอนี้ ไม่ใช่พิกัดสวนหรือค่าเฉลี่ยอำเภอ
86,อ.สวี,10.244,98.90566,จุดภายในหน่วยดินชิ้นใหญ่สุดที่มีชื่ออำเภอนี้ ไม่ใช่พิกัดสวนหรือค่าเฉลี่ยอำเภอ
