province_code,year_ce,month_number,tonnes
53,2004,6,2391.0
53,2004,7,6790.0
53,2004,8,838.0
53,2005,6,2507.0
53,2005,7,7122.0
53,2005,8,880.0
53,2006,5,1223.0
53,2006,6,1851.0
53,2006,7,2058.0
53,2006,8,5143.0
53,2006,9,145.0
53,2007,5,663.0
53,2007,6,1055.0
53,2007,7,2142.0
53,2007,8,3258.0
53,2007,9,1814.0
53,2007,10,452.0
53,2008,5,263.0
53,2008,6,650.0
53,2008,7,7688.0
53,2008,8,422.0
53,2009,5,453.0
53,2009,6,1222.0
53,2009,7,3601.0
53,2009,8,2409.0
53,2009,9,899.0
53,2009,10,191.0
53,2010,5,424.0
53,2010,6,883.0
53,2010,7,2892.0
53,2010,8,3864.0
53,2010,9,1100.0
53,2010,10,474.0
53,2011,5,310.0
53,2011,6,752.0
53,2011,7,3805.0
53,2011,8,1794.0
53,2011,9,612.0
53,2011,10,177.0
53,2012,4,474.0
53,2012,5,903.0
53,2012,6,2298.0
53,2012,7,3343.0
53,2012,8,2350.0
53,2012,9,667.0
53,2013,5,339.0
53,2013,6,1119.0
53,2013,7,6245.0
53,2013,8,2249.0
53,2013,9,799.0
53,2014,6,185.0
53,2014,7,2425.0
53,2014,8,8383.0
53,2014,9,5655.0
53,2014,10,1624.0
53,2015,6,968.0
53,2015,7,10235.0
53,2015,8,4898.0
53,2015,9,364.0
53,2016,5,341.0
53,2016,6,1690.0
53,2016,7,5375.0
53,2016,8,98.0
53,2016,9,32.0
53,2017,5,2582.0
53,2017,6,5831.0
53,2017,7,5999.0
53,2017,8,5881.0
53,2017,9,4236.0
53,2017,10,3073.0
53,2017,11,1310.0
53,2018,3,706.0
53,2018,4,878.0
53,2018,5,1872.0
53,2018,6,9475.0
53,2018,7,10618.0
53,2018,8,5279.0
53,2018,9,1468.0
53,2018,10,287.0
53,2019,4,7.0
53,2019,5,713.0
53,2019,6,3934.0
53,2019,7,13074.0
53,2019,8,3581.0
53,2019,9,400.0
53,2019,10,1128.0
53,2020,4,4.0
53,2020,5,719.0
53,2020,6,9767.0
53,2020,7,5770.0
53,2020,8,3915.0
53,2020,9,759.0
53,2020,10,36.0
53,2020,11,42.0
53,2021,5,7973.0
53,2021,6,18010.0
53,2021,7,820.0
53,2021,8,399.0
53,2021,9,118.0
53,2021,10,14.0
53,2022,5,2020.0
53,2022,6,13869.0
53,2022,7,10292.0
53,2022,8,4981.0
53,2022,9,1585.0
53,2023,4,1186.0
53,2023,5,2998.0
53,2023,6,15037.0
53,2023,7,13164.0
53,2023,8,2463.0
53,2023,9,341.0
53,2024,4,1021.0
53,2024,5,1701.0
53,2024,6,3403.0
53,2024,7,14292.0
53,2024,8,10208.0
53,2024,9,3403.0
53,2025,4,56.0
53,2025,5,3897.0
53,2025,6,18274.0
53,2025,7,12171.0
53,2025,8,3599.0
53,2025,9,1687.0
33,2004,4,9.0
33,2004,5,330.0
33,2004,6,589.0
33,2004,7,14.0
33,2005,5,249.0
33,2005,6,443.0
33,2005,7,18.0
33,2006,4,33.0
33,2006,5,187.0
33,2006,6,426.0
33,2006,7,96.0
33,2007,4,118.0
33,2007,5,256.0
33,2007,6,554.0
33,2007,7,362.0
33,2007,8,108.0
33,2008,5,56.0
33,2008,6,666.0
33,2008,7,1073.0
33,2009,5,27.0
33,2009,6,171.0
33,2009,7,265.0
33,2009,8,132.0
33,2010,5,84.0
33,2010,6,589.0
33,2010,7,205.0
33,2010,8,64.0
33,2011,5,60.0
33,2011,6,455.0
33,2011,7,479.0
33,2011,8,94.0
33,2012,5,53.0
33,2012,6,668.0
33,2012,7,304.0
33,2012,8,17.0
33,2013,5,187.0
33,2013,6,834.0
33,2013,7,119.0
33,2014,5,47.0
33,2014,6,1113.0
33,2014,7,1026.0
33,2014,8,118.0
33,2015,5,217.0
33,2015,6,869.0
33,2015,7,672.0
33,2015,8,266.0
33,2015,9,23.0
33,2016,4,17.0
33,2016,5,116.0
33,2016,6,1010.0
33,2016,7,236.0
33,2016,8,210.0
33,2016,9,1.0
33,2017,5,3.0
33,2017,6,1585.0
33,2017,7,962.0
33,2017,8,105.0
33,2018,4,1.0
33,2018,5,189.0
33,2018,6,3186.0
33,2018,7,725.0
33,2018,8,71.0
33,2019,3,13.0
33,2019,4,53.0
33,2019,5,297.0
33,2019,6,2416.0
33,2019,7,208.0
33,2019,8,235.0
33,2019,9,5.0
33,2020,4,17.0
33,2020,5,250.0
33,2020,6,1605.0
33,2020,7,1858.0
33,2020,8,15.0
33,2021,5,332.0
33,2021,6,1400.0
33,2021,7,1566.0
33,2021,8,1441.0
33,2022,5,399.0
33,2022,6,4297.0
33,2022,7,3500.0
33,2022,8,39.0
33,2023,5,513.0
33,2023,6,5531.0
33,2023,7,4505.0
33,2023,8,50.0
33,2024,5,1596.0
33,2024,6,3803.0
33,2024,7,3869.0
33,2024,8,122.0
33,2025,5,1438.0
33,2025,6,10366.0
33,2025,7,5922.0
33,2025,8,878.0
22,2004,3,10914.0
22,2004,4,54997.0
22,2004,5,210724.0
22,2004,6,65160.0
22,2004,7,10360.0
22,2004,8,268.0
22,2004,9,176.0
22,2005,3,11481.0
22,2005,4,133528.0
22,2005,5,81605.0
22,2005,6,26360.0
22,2005,7,4454.0
22,2006,3,1990.0
22,2006,4,38087.0
22,2006,5,84005.0
22,2006,6,105281.0
22,2006,7,25740.0
22,2007,3,4936.0
22,2007,4,108910.0
22,2007,5,114503.0
22,2007,6,12450.0
22,2007,7,2358.0
22,2008,3,1878.0
22,2008,4,46592.0
22,2008,5,170470.0
22,2008,6,22284.0
22,2008,7,2584.0
22,2009,3,391.0
22,2009,4,24152.0
22,2009,5,160246.0
22,2009,6,30711.0
22,2009,7,1694.0
22,2010,3,2109.0
22,2010,4,67211.0
22,2010,5,118879.0
22,2010,6,22586.0
22,2010,7,105.0
22,2011,2,67.0
22,2011,3,9192.0
22,2011,4,94307.0
22,2011,5,105298.0
22,2011,6,15104.0
22,2011,7,787.0
22,2012,3,4268.0
22,2012,4,93129.0
22,2012,5,99644.0
22,2012,6,9113.0
22,2012,7,21.0
22,2013,3,8060.0
22,2013,4,37054.0
22,2013,5,87182.0
22,2013,6,90854.0
22,2013,7,739.0
22,2014,2,315.0
22,2014,3,11507.0
22,2014,4,73235.0
22,2014,5,112814.0
22,2014,6,56643.0
22,2014,7,7601.0
22,2015,2,682.0
22,2015,3,16625.0
22,2015,4,67839.0
22,2015,5,93762.0
22,2015,6,63771.0
22,2015,7,9980.0
22,2016,1,1449.0
22,2016,2,531.0
22,2016,3,18982.0
22,2016,4,67028.0
22,2016,5,63456.0
22,2016,6,25615.0
22,2016,7,9246.0
22,2016,8,17798.0
22,2017,2,615.0
22,2017,3,21492.0
22,2017,4,68996.0
22,2017,5,126277.0
22,2017,6,71487.0
22,2017,7,18602.0
22,2018,2,661.0
22,2018,3,20806.0
22,2018,4,100572.0
22,2018,5,115725.0
22,2018,6,51233.0
22,2018,7,11666.0
22,2019,1,74.0
22,2019,2,1522.0
22,2019,3,23235.0
22,2019,4,165133.0
22,2019,5,118291.0
22,2019,6,45950.0
22,2019,7,16851.0
22,2019,8,111.0
22,2020,1,43.0
22,2020,2,4641.0
22,2020,3,62407.0
22,2020,4,154017.0
22,2020,5,136656.0
22,2020,6,48653.0
22,2020,7,22459.0
22,2020,8,859.0
22,2021,1,965.0
22,2021,2,8554.0
22,2021,3,13291.0
22,2021,4,122997.0
22,2021,5,183312.0
22,2021,6,93608.0
22,2021,7,15923.0
22,2022,2,114.0
22,2022,3,15850.0
22,2022,4,103308.0
22,2022,5,269903.0
22,2022,6,152341.0
22,2022,7,28621.0
22,2023,2,3554.0
22,2023,3,39146.0
22,2023,4,308591.0
22,2023,5,93531.0
22,2023,6,90085.0
22,2023,7,2962.0
22,2023,8,592.0
22,2024,1,45.0
22,2024,2,404.0
22,2024,3,4083.0
22,2024,4,179881.0
22,2024,5,243460.0
22,2024,6,20819.0
22,2025,2,518.0
22,2025,3,7541.0
22,2025,4,131354.0
22,2025,5,326602.0
22,2025,6,104473.0
22,2025,7,5123.0
86,2004,1,1233.0
86,2004,2,1710.0
86,2004,3,2989.0
86,2004,4,139.0
86,2004,5,2164.0
86,2004,6,4944.0
86,2004,7,14017.0
86,2004,8,19356.0
86,2004,9,26777.0
86,2004,10,14645.0
86,2004,11,23032.0
86,2004,12,5316.0
86,2005,5,4500.0
86,2005,6,9164.0
86,2005,7,18381.0
86,2005,8,41274.0
86,2005,9,13753.0
86,2005,10,4583.0
86,2006,5,1597.0
86,2006,6,9631.0
86,2006,7,26849.0
86,2006,8,25552.0
86,2006,9,7486.0
86,2006,10,2249.0
86,2006,11,524.0
86,2006,12,973.0
86,2007,2,1602.0
86,2007,3,668.0
86,2007,5,5208.0
86,2007,6,15890.0
86,2007,7,37522.0
86,2007,8,43798.0
86,2007,9,16424.0
86,2007,10,3071.0
86,2007,11,5476.0
86,2007,12,3873.0
86,2008,5,5100.0
86,2008,6,15862.0
86,2008,7,20107.0
86,2008,8,27570.0
86,2008,9,23496.0
86,2008,10,3802.0
86,2008,11,3279.0
86,2008,12,1368.0
86,2009,1,2517.0
86,2009,2,2517.0
86,2009,3,2517.0
86,2009,5,3831.0
86,2009,6,9257.0
86,2009,7,35753.0
86,2009,8,35778.0
86,2009,9,13984.0
86,2009,10,9847.0
86,2009,11,4260.0
86,2009,12,2517.0
86,2010,1,33.0
86,2010,3,2632.0
86,2010,4,26.0
86,2010,5,2143.0
86,2010,6,1256.0
86,2010,7,3393.0
86,2010,8,24515.0
86,2010,9,12810.0
86,2010,10,9701.0
86,2010,11,9153.0
86,2010,12,469.0
86,2011,6,6468.0
86,2011,7,9670.0
86,2011,8,18707.0
86,2011,9,13030.0
86,2011,10,1492.0
86,2011,11,1660.0
86,2011,12,5065.0
86,2012,1,3323.0
86,2012,2,2135.0
86,2012,3,726.0
86,2012,4,1782.0
86,2012,5,4291.0
86,2012,6,11674.0
86,2012,7,20542.0
86,2012,8,21147.0
86,2012,9,25020.0
86,2012,10,10023.0
86,2012,11,4401.0
86,2012,12,4962.0
86,2013,1,6822.0
86,2013,2,4955.0
86,2013,6,6975.0
86,2013,7,12133.0
86,2013,8,38330.0
86,2013,9,32752.0
86,2013,10,8944.0
86,2013,11,9630.0
86,2013,12,6505.0
86,2014,1,605.0
86,2014,2,907.0
86,2014,3,453.0
86,2014,4,302.0
86,2014,5,756.0
86,2014,6,5894.0
86,2014,7,29170.0
86,2014,8,79198.0
86,2014,9,23125.0
86,2014,10,8010.0
86,2014,11,1814.0
86,2014,12,907.0
86,2015,1,1282.0
86,2015,2,685.0
86,2015,3,100.0
86,2015,4,37.0
86,2015,5,212.0
86,2015,6,10072.0
86,2015,7,33900.0
86,2015,8,44905.0
86,2015,9,15935.0
86,2015,10,5901.0
86,2015,11,5216.0
86,2015,12,6250.0
86,2016,1,4323.0
86,2016,2,6320.0
86,2016,3,2709.0
86,2016,4,137.0
86,2016,5,328.0
86,2016,6,2928.0
86,2016,7,28086.0
86,2016,8,6813.0
86,2016,9,48334.0
86,2016,10,31671.0
86,2016,11,2052.0
86,2016,12,3106.0
86,2017,1,1702.0
86,2017,2,2137.0
86,2017,3,868.0
86,2017,4,114.0
86,2017,5,1143.0
86,2017,6,1257.0
86,2017,7,14556.0
86,2017,8,56862.0
86,2017,9,20920.0
86,2017,10,9951.0
86,2017,11,3839.0
86,2017,12,903.0
86,2018,1,7352.0
86,2018,2,9735.0
86,2018,3,6361.0
86,2018,4,139.0
86,2018,5,5897.0
86,2018,6,11051.0
86,2018,7,38167.0
86,2018,8,40163.0
86,2018,9,13620.0
86,2018,10,9333.0
86,2018,11,7770.0
86,2018,12,5185.0
86,2019,1,11081.0
86,2019,2,14192.0
86,2019,3,7054.0
86,2019,4,1111.0
86,2019,5,1055.0
86,2019,6,6304.0
86,2019,7,31661.0
86,2019,8,127534.0
86,2019,9,39410.0
86,2019,10,6471.0
86,2019,11,10526.0
86,2019,12,21330.0
86,2020,1,2556.0
86,2020,2,1383.0
86,2020,3,731.0
86,2020,4,316.0
86,2020,5,8015.0
86,2020,6,39507.0
86,2020,7,86114.0
86,2020,8,61818.0
86,2020,9,78454.0
86,2020,10,30302.0
86,2020,11,3778.0
86,2020,12,2578.0
86,2021,1,2614.0
86,2021,2,2958.0
86,2021,3,2270.0
86,2021,4,344.0
86,2021,5,8701.0
86,2021,6,44741.0
86,2021,7,106573.0
86,2021,8,72013.0
86,2021,9,83912.0
86,2021,10,17676.0
86,2021,11,1066.0
86,2021,12,1032.0
86,2022,1,5740.0
86,2022,2,848.0
86,2022,3,195.0
86,2022,5,5812.0
86,2022,6,111499.0
86,2022,7,53067.0
86,2022,8,1617.0
86,2022,9,340.0
86,2022,10,10606.0
86,2022,11,21796.0
86,2022,12,49712.0
86,2023,1,6677.0
86,2023,2,6102.0
86,2023,6,169362.0
86,2023,7,39944.0
86,2023,8,6525.0
86,2023,9,16193.0
86,2023,10,11716.0
86,2023,11,5388.0
86,2023,12,9563.0
86,2024,1,2234.0
86,2024,2,1856.0
86,2024,3,120.0
86,2024,5,10000.0
86,2024,6,79730.0
86,2024,7,17773.0
86,2024,8,41615.0
86,2024,9,32675.0
86,2024,10,10770.0
86,2024,11,9979.0
86,2024,12,19822.0
86,2025,1,2219.0
86,2025,2,8006.0
86,2025,5,968.0
86,2025,6,100922.0
86,2025,7,120405.0
86,2025,8,8183.0
86,2025,9,12017.0
86,2025,10,10331.0
86,2025,11,9640.0
86,2025,12,6149.0
84,2004,1,236.0
84,2004,2,402.0
84,2004,5,25.0
84,2004,6,253.0
84,2004,7,2326.0
84,2004,8,16534.0
84,2004,9,13681.0
84,2004,10,3820.0
84,2004,11,4318.0
84,2004,12,617.0
84,2005,6,5808.0
84,2005,7,10284.0
84,2005,8,10540.0
84,2005,9,4822.0
84,2005,10,1836.0
84,2006,7,6431.0
84,2006,8,11506.0
84,2006,9,6647.0
84,2006,10,4940.0
84,2006,11,3237.0
84,2007,5,1578.0
84,2007,6,3311.0
84,2007,7,10587.0
84,2007,8,14745.0
84,2007,9,8277.0
84,2008,5,289.0
84,2008,6,1609.0
84,2008,7,7630.0
84,2008,8,20636.0
84,2008,9,7349.0
84,2009,1,902.0
84,2009,2,1877.0
84,2009,3,1805.0
84,2009,5,112.0
84,2009,6,1307.0
84,2009,7,6894.0
84,2009,8,14875.0
84,2009,9,3830.0
84,2009,10,1210.0
84,2009,11,1624.0
84,2009,12,1660.0
84,2010,5,6.0
84,2010,6,3868.0
84,2010,7,11072.0
84,2010,8,11033.0
84,2010,9,3949.0
84,2010,10,2173.0
84,2011,6,1675.0
84,2011,7,2768.0
84,2011,8,16383.0
84,2011,9,1500.0
84,2012,1,2709.0
84,2012,2,968.0
84,2012,6,468.0
84,2012,7,3246.0
84,2012,8,9791.0
84,2012,9,4305.0
84,2012,10,4063.0
84,2012,11,2602.0
84,2012,12,3271.0
84,2013,1,2062.0
84,2013,2,1757.0
84,2013,7,7574.0
84,2013,8,10919.0
84,2013,9,4914.0
84,2013,10,1876.0
84,2013,11,2497.0
84,2013,12,413.0
84,2014,7,5178.0
84,2014,8,14957.0
84,2014,9,4315.0
84,2014,10,2876.0
84,2014,11,1438.0
84,2015,1,4252.0
84,2015,2,7681.0
84,2015,6,54.0
84,2015,7,6373.0
84,2015,8,3975.0
84,2015,9,4762.0
84,2015,10,679.0
84,2015,11,303.0
84,2015,12,232.0
84,2016,6,349.0
84,2016,7,9623.0
84,2016,8,10061.0
84,2016,9,2816.0
84,2016,10,440.0
84,2017,1,62.0
84,2017,2,88.0
84,2017,6,107.0
84,2017,7,1539.0
84,2017,8,8464.0
84,2017,9,7235.0
84,2017,10,2993.0
84,2017,11,780.0
84,2017,12,107.0
84,2018,1,393.0
84,2018,2,81.0
84,2018,3,33.0
84,2018,6,20.0
84,2018,7,4414.0
84,2018,8,13907.0
84,2018,9,6520.0
84,2019,1,1806.0
84,2019,2,761.0
84,2019,6,1022.0
84,2019,7,7167.0
84,2019,8,21556.0
84,2019,9,7272.0
84,2019,10,3739.0
84,2019,11,1512.0
84,2019,12,990.0
84,2020,1,530.0
84,2020,2,21.0
84,2020,5,44.0
84,2020,6,1521.0
84,2020,7,16336.0
84,2020,8,15247.0
84,2020,9,3641.0
84,2020,10,2056.0
84,2021,1,625.0
84,2021,2,23.0
84,2021,6,2978.0
84,2021,7,24749.0
84,2021,8,17819.0
84,2021,9,763.0
84,2022,1,257.0
84,2022,6,8049.0
84,2022,7,31058.0
84,2022,8,1595.0
84,2022,9,2335.0
84,2022,10,785.0
84,2022,11,2053.0
84,2022,12,2195.0
84,2023,1,2565.0
84,2023,2,1956.0
84,2023,3,109.0
84,2023,5,56.0
84,2023,6,9027.0
84,2023,7,28108.0
84,2023,8,20736.0
84,2023,9,9815.0
84,2023,10,2087.0
84,2023,11,234.0
84,2023,12,2324.0
84,2024,1,2632.0
84,2024,2,1791.0
84,2024,3,621.0
84,2024,5,70.0
84,2024,6,8996.0
84,2024,7,27784.0
84,2024,8,18257.0
84,2024,9,5983.0
84,2024,10,715.0
84,2024,11,743.0
84,2024,12,1019.0
84,2025,1,877.0
84,2025,2,336.0
84,2025,3,52.0
84,2025,5,148.0
84,2025,6,9297.0
84,2025,7,33905.0
84,2025,8,23993.0
84,2025,9,5702.0
84,2025,10,150.0
84,2025,11,2318.0
84,2025,12,3166.0
