province_name,year_ce,production_tonnes,yield_kg_per_rai_source,planted_rai,bearing_rai,province_code,province_name_en,region,weather_latitude,weather_longitude,yield_kg_per_rai_calculated,production_yoy_pct,yield_yoy_pct,annual_temperature_c,annual_max_c,annual_rain_mm,valid_temperature_days,valid_rain_days
จันทบุรี,1997,350965.0,2077.0,232546.0,168977.0,22,CHANGWAT CHANTHABURI,ภาคตะวันออก,12.815,102.17964,2076.998644785977,,,26.02394520547945,37.17,1535.18,365,365
จันทบุรี,1998,259996.0,1398.0,246035.0,185977.0,22,CHANGWAT CHANTHABURI,ภาคตะวันออก,12.815,102.17964,1398.0008280593836,-25.91967860043024,-32.69129801461956,26.684465753424657,39.92,2164.8900000000003,365,365
จันทบุรี,1999,322166.0,1603.0,254938.0,200977.0,22,CHANGWAT CHANTHABURI,ภาคตะวันออก,12.815,102.17964,1602.999348184121,23.91190633702056,14.663690894182311,25.21027397260274,36.77,2308.76,365,365
จันทบุรี,2000,352556.0,1626.0,263189.0,216824.0,22,CHANGWAT CHANTHABURI,ภาคตะวันออก,12.815,102.17964,1626.00081171826,9.433025210605717,1.43490161491302,25.340983606557376,36.09,2117.75,366,366
จันทบุรี,2001,373847.0,1616.0,271903.0,231341.0,22,CHANGWAT CHANTHABURI,ภาคตะวันออก,12.815,102.17964,1615.9997579330943,6.039040606315016,-0.6150706514467918,25.542438356164382,36.53,1865.4700000000003,365,365
จันทบุรี,2002,400179.0,1644.0,271740.0,243418.0,22,CHANGWAT CHANTHABURI,ภาคตะวันออก,12.815,102.17964,1643.9992112333516,7.043523152519615,1.7326396964359336,25.940602739726028,36.66,1823.94,365,365
จันทบุรี,2003,324877.0,1303.0,271661.0,249330.0,22,CHANGWAT CHANTHABURI,ภาคตะวันออก,12.815,102.17964,1303.000040107488,-18.817079356987744,-20.74205199101289,25.77071232876712,37.28,1878.3,365,365
จันทบุรี,2004,352599.0,1396.0,274544.0,252578.0,22,CHANGWAT CHANTHABURI,ภาคตะวันออก,12.815,102.17964,1396.000443427377,8.53307559476355,7.13740602127817,25.899016393442626,38.51,1883.38,366,366
จันทบุรี,2005,257428.0,1122.0,245395.0,229437.0,22,CHANGWAT CHANTHABURI,ภาคตะวันออก,12.815,102.17964,1121.9986314325936,-26.991284717199992,-19.62763072782917,26.01304109589041,37.65,1868.2,365,365
จันทบุรี,2006,255103.0,1164.0,236959.0,219161.0,22,CHANGWAT CHANTHABURI,ภาคตะวันออก,12.815,102.17964,1163.9981566063304,-0.903165156859398,3.743277754279517,25.735342465753423,35.29,2332.1099999999997,365,365
จันทบุรี,2007,243157.0,1194.0,219959.0,203649.0,22,CHANGWAT CHANTHABURI,ภาคตะวันออก,12.815,102.17964,1194.0004615785003,-4.6828143926178845,2.5775216912406806,25.65175342465753,37.18,2129.71,365,365
จันทบุรี,2008,243808.0,1272.0,201828.0,191673.0,22,CHANGWAT CHANTHABURI,ภาคตะวันออก,12.815,102.17964,1271.999707835741,0.2677282578745332,6.532597663666184,25.512896174863386,36.59,2144.3999999999996,366,366
จันทบุรี,2009,217194.0,1260.0,183551.0,172376.0,22,CHANGWAT CHANTHABURI,ภาคตะวันออก,12.815,102.17964,1260.0013923051931,-10.915966662291645,-0.9432640162286288,25.71972602739726,36.07,2076.9100000000003,365,365
จันทบุรี,2010,210890.0,1233.0,184412.0,171088.0,22,CHANGWAT CHANTHABURI,ภาคตะวันออก,12.815,102.17964,1232.6405124848031,-2.9024742856616714,-2.1714959989316163,26.217205479452055,38.12,2092.47,365,365
จันทบุรี,2011,224755.0,1328.0,186209.0,169243.0,22,CHANGWAT CHANTHABURI,ภาคตะวันออก,12.815,102.17964,1328.0017489645068,6.574517520982504,7.736338008838506,25.443753424657533,36.69,2337.69,365,365
จันทบุรี,2012,206175.0,1232.0,188125.0,167350.0,22,CHANGWAT CHANTHABURI,ภาคตะวันออก,12.815,102.17964,1231.9988048999105,-8.266779381993727,-7.229127833562976,26.175437158469947,36.07,1997.8799999999997,366,366
จันทบุรี,2013,223889.0,1344.0,185662.0,166584.0,22,CHANGWAT CHANTHABURI,ภาคตะวันออก,12.815,102.17964,1344.0006243096575,8.591730326179214,9.091065589048709,25.68893150684931,38.96,2507.1900000000005,365,365
จันทบุรี,2014,262115.0,1436.0,211651.0,182501.0,22,CHANGWAT CHANTHABURI,ภาคตะวันออก,12.815,102.17964,1436.2387055413394,17.073639169409848,6.862949284644837,26.027205479452057,37.75,1823.2599999999998,365,365
จันทบุรี,2015,252659.0,1388.0,220215.0,182068.0,22,CHANGWAT CHANTHABURI,ภาคตะวันออก,12.815,102.17964,1387.7177757760835,-3.607576826965264,-3.378333251850896,26.33909589041096,38.11,1847.27,365,365
จันทบุรี,2016,204105.0,1094.0,232768.0,186514.0,22,CHANGWAT CHANTHABURI,ภาคตะวันออก,12.815,102.17964,1094.3146358986455,-19.217205799120556,-21.142853755934045,26.550628415300547,40.41,1998.46,366,366
จันทบุรี,2017,307469.0,1622.0,244176.0,189507.0,22,CHANGWAT CHANTHABURI,ภาคตะวันออก,12.815,102.17964,1622.4677716390424,50.64256142671664,48.26337128413532,25.840712328767125,35.79,2388.8199999999997,365,365
จันทบุรี,2018,300663.0,1510.0,264679.0,199170.0,22,CHANGWAT CHANTHABURI,ภาคตะวันออก,12.815,102.17964,1509.5797559873474,-2.2135564886216152,-6.957797105433638,25.941616438356167,35.18,1834.9299999999998,365,365
จันทบุรี,2019,371167.0,1751.0,281295.0,211950.0,22,CHANGWAT CHANTHABURI,ภาคตะวันออก,12.815,102.17964,1751.2007548950223,23.44950991641805,16.00584519958945,26.431561643835618,36.6,1740.0500000000002,365,365
จันทบุรี,2020,429735.0,1929.0,307149.0,222830.0,22,CHANGWAT CHANTHABURI,ภาคตะวันออก,12.815,102.17964,1928.5329623479784,15.779420045424295,10.126320866255355,26.380901639344263,38.15,2456.98,366,366
จันทบุรี,2021,438650.0,1843.0,340457.0,238034.0,22,CHANGWAT CHANTHABURI,ภาคตะวันออก,12.815,102.17964,1842.8039691808733,2.0745343060257992,-4.44529571652903,25.687835616438356,35.51,2750.24,365,365
จันทบุรี,2022,570137.0,2194.0,379121.0,259815.0,22,CHANGWAT CHANTHABURI,ภาคตะวันออก,12.815,102.17964,2194.396012547389,29.97537900376155,19.079188521761136,25.714493150684934,35.73,2734.13,365,365
จันทบุรี,2023,538461.0,1968.0,420420.0,273648.0,22,CHANGWAT CHANTHABURI,ภาคตะวันออก,12.815,102.17964,1967.7139975442904,-5.555857627201888,-10.330041328317597,26.44830136986301,37.32,2103.54,365,365
จันทบุรี,2024,448692.0,1520.0,447356.0,295273.0,22,CHANGWAT CHANTHABURI,ภาคตะวันออก,12.815,102.17964,1519.5835718132034,-16.671402385688104,-22.774164654535888,27.02953551912568,39.98,2220.13,366,366
จันทบุรี,2025,575611.0,1714.0,469721.0,335883.0,22,CHANGWAT CHANTHABURI,ภาคตะวันออก,12.815,102.17964,1713.7247196196297,28.28644147878723,12.77594410781715,25.96764383561644,36.78,2540.92,365,365
ศรีสะเกษ,1997,886.0,1196.0,1901.0,741.0,33,CHANGWAT SI SA KET,ภาคตะวันออกเฉียงเหนือ,14.96093,104.32724,1195.6815114709852,,,26.968054794520548,40.26,1484.1,365,365
ศรีสะเกษ,1998,1299.0,1193.0,2179.0,1089.0,33,CHANGWAT SI SA KET,ภาคตะวันออกเฉียงเหนือ,14.96093,104.32724,1192.8374655647383,46.61399548532732,-0.2378598212786631,28.23854794520548,43.64,1224.98,365,365
ศรีสะเกษ,1999,1816.0,1517.0,2022.0,1197.0,33,CHANGWAT SI SA KET,ภาคตะวันออกเฉียงเหนือ,14.96093,104.32724,1517.126148705096,39.799846035411846,27.18632609236717,25.92413698630137,41.43,1498.5099999999998,365,365
ศรีสะเกษ,2000,2333.0,1509.0,2074.0,1546.0,33,CHANGWAT SI SA KET,ภาคตะวันออกเฉียงเหนือ,14.96093,104.32724,1509.0556274256146,28.46916299559472,-0.5319611217807996,26.136311475409833,40.54,1822.25,366,366
ศรีสะเกษ,2001,1616.0,1064.0,2133.0,1519.0,33,CHANGWAT SI SA KET,ภาคตะวันออกเฉียงเหนือ,14.96093,104.32724,1063.8578011849902,-30.732961851693094,-29.501750508701477,26.594465753424657,41.11,1612.99,365,365
ศรีสะเกษ,2002,1781.0,1099.0,2305.0,1621.0,33,CHANGWAT SI SA KET,ภาคตะวันออกเฉียงเหนือ,14.96093,104.32724,1098.7045033929674,10.210396039603964,3.275503753336473,26.96180821917808,41.29,1598.2600000000002,365,365
ศรีสะเกษ,2003,1456.0,855.0,2877.0,1703.0,33,CHANGWAT SI SA KET,ภาคตะวันออกเฉียงเหนือ,14.96093,104.32724,854.9618320610687,-18.248175182481752,-22.184551949972363,26.896849315068494,40.3,1388.13,365,365
ศรีสะเกษ,2004,942.0,538.0,3474.0,1751.0,33,CHANGWAT SI SA KET,ภาคตะวันออกเฉียงเหนือ,14.96093,104.32724,537.9782981153627,-35.3021978021978,-37.07575263114954,27.028551912568307,41.62,1424.33,366,366
ศรีสะเกษ,2005,710.0,450.0,3100.0,1578.0,33,CHANGWAT SI SA KET,ภาคตะวันออกเฉียงเหนือ,14.96093,104.32724,449.936628643853,-24.628450106157107,-16.36528272235812,27.277287671232873,41.21,1314.71,365,365
ศรีสะเกษ,2006,742.0,386.0,3670.0,1921.0,33,CHANGWAT SI SA KET,ภาคตะวันออกเฉียงเหนือ,14.96093,104.32724,386.2571577303488,4.507042253521121,-14.15298663401544,26.991698630136984,40.18,1468.28,365,365
ศรีสะเกษ,2007,1398.0,582.0,3578.0,2402.0,33,CHANGWAT SI SA KET,ภาคตะวันออกเฉียงเหนือ,14.96093,104.32724,582.014987510408,88.40970350404314,50.68069959669725,26.74761643835616,40.9,1551.0400000000002,365,365
ศรีสะเกษ,2008,1795.0,619.0,3475.0,2900.0,33,CHANGWAT SI SA KET,ภาคตะวันออกเฉียงเหนือ,14.96093,104.32724,618.9655172413793,28.39771101573676,6.348724779241288,26.255136612021857,40.05,1374.46,366,366
ศรีสะเกษ,2009,595.0,517.0,1725.0,1150.0,33,CHANGWAT SI SA KET,ภาคตะวันออกเฉียงเหนือ,14.96093,104.32724,517.3913043478261,-66.85236768802228,-16.410318517621402,26.805945205479453,40.27,1535.65,365,365
ศรีสะเกษ,2010,942.0,604.0,1941.0,1560.0,33,CHANGWAT SI SA KET,ภาคตะวันออกเฉียงเหนือ,14.96093,104.32724,603.8461538461538,58.31932773109243,16.70976082740787,27.45958904109589,41.22,1349.59,365,365
ศรีสะเกษ,2011,1088.0,833.0,1727.0,1306.0,33,CHANGWAT SI SA KET,ภาคตะวันออกเฉียงเหนือ,14.96093,104.32724,833.0781010719755,15.49893842887473,37.96197852147367,25.954328767123286,39.97,1659.16,365,365
ศรีสะเกษ,2012,1042.0,817.0,1776.0,1276.0,33,CHANGWAT SI SA KET,ภาคตะวันออกเฉียงเหนือ,14.96093,104.32724,816.6144200626959,-4.227941176470584,-1.9762470035036064,27.251229508196722,40.68,1255.75,366,366
ศรีสะเกษ,2013,1140.0,908.0,1923.0,1256.0,33,CHANGWAT SI SA KET,ภาคตะวันออกเฉียงเหนือ,14.96093,104.32724,907.6433121019109,9.404990403071013,11.147108084648584,26.978383561643838,42.52,1593.49,365,365
ศรีสะเกษ,2014,2304.0,1082.0,2626.0,2129.0,33,CHANGWAT SI SA KET,ภาคตะวันออกเฉียงเหนือ,14.96093,104.32724,1082.1982151244715,102.10526315789474,19.231662999678623,27.015616438356165,40.81,1441.3799999999999,365,365
ศรีสะเกษ,2015,2047.0,957.0,3058.0,2138.0,33,CHANGWAT SI SA KET,ภาคตะวันออกเฉียงเหนือ,14.96093,104.32724,957.4368568755848,-11.154513888888884,-11.528512661105896,27.72750684931507,43.5,1161.4099999999999,365,365
ศรีสะเกษ,2016,1590.0,718.0,3606.0,2215.0,33,CHANGWAT SI SA KET,ภาคตะวันออกเฉียงเหนือ,14.96093,104.32724,717.8329571106095,-22.32535417684416,-25.02555631155433,27.403333333333336,43.89,1713.3300000000002,366,366
ศรีสะเกษ,2017,2655.0,1130.0,3818.0,2349.0,33,CHANGWAT SI SA KET,ภาคตะวันออกเฉียงเหนือ,14.96093,104.32724,1130.2681992337166,66.98113207547169,57.45560133979133,26.472739726027395,40.4,1941.67,365,365
ศรีสะเกษ,2018,4172.0,1458.0,6256.0,2862.0,33,CHANGWAT SI SA KET,ภาคตะวันออกเฉียงเหนือ,14.96093,104.32724,1457.7218728162125,57.13747645951035,28.971325018654717,26.8326301369863,39.15,1786.8200000000002,365,365
ศรีสะเกษ,2019,3227.0,1106.0,8325.0,2918.0,33,CHANGWAT SI SA KET,ภาคตะวันออกเฉียงเหนือ,14.96093,104.32724,1105.8944482522274,-22.651006711409394,-24.13542878960031,27.715753424657535,40.93,1728.6999999999998,365,365
ศรีสะเกษ,2020,3745.0,1158.0,8767.0,3234.0,33,CHANGWAT SI SA KET,ภาคตะวันออกเฉียงเหนือ,14.96093,104.32724,1158.008658008658,16.052060737527118,4.712403596816372,27.19866120218579,41.61,1745.84,366,366
ศรีสะเกษ,2021,4739.0,1338.0,13561.0,3542.0,33,CHANGWAT SI SA KET,ภาคตะวันออกเฉียงเหนือ,14.96093,104.32724,1337.9446640316205,26.542056074766364,15.538399024786688,26.394356164383563,40.96,1947.47,365,365
ศรีสะเกษ,2022,8235.0,1348.0,15137.0,6110.0,33,CHANGWAT SI SA KET,ภาคตะวันออกเฉียงเหนือ,14.96093,104.32724,1347.7905073649754,73.77083772947879,0.7358931649449785,26.049616438356168,40.35,2422.88,365,365
ศรีสะเกษ,2023,10599.0,1269.0,16159.0,8351.0,33,CHANGWAT SI SA KET,ภาคตะวันออกเฉียงเหนือ,14.96093,104.32724,1269.1893186444738,28.706739526411653,-5.831855046536305,27.332438356164385,41.55,1828.8000000000002,365,365
ศรีสะเกษ,2024,9390.0,1068.0,20045.0,8793.0,33,CHANGWAT SI SA KET,ภาคตะวันออกเฉียงเหนือ,14.96093,104.32724,1067.8949164107812,-11.40673648457402,-15.86007692285656,28.159699453551916,44.51,1637.55,366,366
ศรีสะเกษ,2025,18604.0,1371.0,20802.0,13571.0,33,CHANGWAT SI SA KET,ภาคตะวันออกเฉียงเหนือ,14.96093,104.32724,1370.8643430845184,98.12566560170394,28.37071532206785,26.974246575342466,41.21,1525.29,365,365
อุตรดิตถ์,1997,9894.0,534.0,21507.0,18528.0,53,CHANGWAT UTTARADIT,ภาคเหนือ,17.76054,100.44539,534.0025906735751,,,24.806794520547943,37.28,1070.51,365,365
อุตรดิตถ์,1998,8232.0,443.0,20995.0,18583.0,53,CHANGWAT UTTARADIT,ภาคเหนือ,17.76054,100.44539,442.9855244040252,-16.798059429957547,-17.044311742896912,25.549561643835617,39.28,1130.98,365,365
อุตรดิตถ์,1999,9800.0,515.0,20698.0,19030.0,53,CHANGWAT UTTARADIT,ภาคเหนือ,17.76054,100.44539,514.9763531266422,19.047619047619047,16.251282436253533,23.830547945205478,38.05,1398.69,365,365
อุตรดิตถ์,2000,13650.0,719.0,20153.0,18985.0,53,CHANGWAT UTTARADIT,ภาคเหนือ,17.76054,100.44539,718.9886752699499,39.28571428571428,39.615862146807615,23.861885245901643,38.21,1262.08,366,366
อุตรดิตถ์,2001,14850.0,816.0,19508.0,18199.0,53,CHANGWAT UTTARADIT,ภาคเหนือ,17.76054,100.44539,815.9788999395571,8.791208791208781,13.489812566684932,24.11558904109589,39.09,1375.58,365,365
อุตรดิตถ์,2002,12762.0,706.0,20485.0,18076.0,53,CHANGWAT UTTARADIT,ภาคเหนือ,17.76054,100.44539,706.0190307590175,-14.060606060606062,-13.475822620987476,24.253315068493148,38.6,1309.9299999999998,365,365
อุตรดิตถ์,2003,9242.0,524.0,21254.0,17638.0,53,CHANGWAT UTTARADIT,ภาคเหนือ,17.76054,100.44539,523.9823109196054,-27.58188371728569,-25.783542922874258,24.58695890410959,40.42,1057.91,365,365
อุตรดิตถ์,2004,10019.0,557.0,21306.0,17988.0,53,CHANGWAT UTTARADIT,ภาคเหนือ,17.76054,100.44539,556.982432732933,8.407271153429985,6.297945775194469,24.31357923497268,39.6,1215.91,366,366
อุตรดิตถ์,2005,10509.0,578.0,22722.0,18182.0,53,CHANGWAT UTTARADIT,ภาคเหนือ,17.76054,100.44539,577.9892201077989,4.890707655454629,3.771534996497538,24.632246575342467,39.69,1250.65,365,365
อุตรดิตถ์,2006,10420.0,531.0,23792.0,19623.0,53,CHANGWAT UTTARADIT,ภาคเหนือ,17.76054,100.44539,531.0095296335933,-0.8468931392140111,-8.12812572273296,24.506712328767126,38.23,1411.33,365,365
อุตรดิตถ์,2007,9384.0,560.0,19509.0,16758.0,53,CHANGWAT UTTARADIT,ภาคเหนือ,17.76054,100.44539,559.9713569638382,-9.94241842610365,5.454106887729315,24.477068493150682,38.06,1061.5,365,365
อุตรดิตถ์,2008,9023.0,584.0,18045.0,15451.0,53,CHANGWAT UTTARADIT,ภาคเหนือ,17.76054,100.44539,583.9751472396608,-3.8469735720375153,4.28661037342537,24.13256830601093,37.37,1177.27,366,366
อุตรดิตถ์,2009,8775.0,522.0,18513.0,16811.0,53,CHANGWAT UTTARADIT,ภาคเหนือ,17.76054,100.44539,521.9796561775029,-2.748531530533082,-10.616118058311008,24.871808219178078,39.77,1089.47,365,365
อุตรดิตถ์,2010,9637.0,546.0,18872.0,17651.0,53,CHANGWAT UTTARADIT,ภาคเหนือ,17.76054,100.44539,545.9747323097841,9.823361823361832,4.596937035439086,25.56931506849315,40.56,1174.1299999999999,365,365
อุตรดิตถ์,2011,7450.0,429.0,19408.0,17366.0,53,CHANGWAT UTTARADIT,ภาคเหนือ,17.76054,100.44539,428.9991938270183,-22.693784372730107,-21.425082803354776,23.43342465753425,36.3,1751.8899999999999,365,365
อุตรดิตถ์,2012,10035.0,589.0,19488.0,17038.0,53,CHANGWAT UTTARADIT,ภาคเหนือ,17.76054,100.44539,588.9775795281137,34.69798657718122,37.29106907496942,24.397486338797812,37.22,1191.3300000000002,366,366
อุตรดิตถ์,2013,10751.0,623.0,19345.0,17257.0,53,CHANGWAT UTTARADIT,ภาคเหนือ,17.76054,100.44539,622.9935678275482,7.135027404085692,5.775430081173538,24.668109589041098,39.54,1188.39,365,365
อุตรดิตถ์,2014,18272.0,603.0,33308.0,30300.0,53,CHANGWAT UTTARADIT,ภาคเหนือ,17.76054,100.44539,603.036303630363,69.95628313645241,-3.203446267796717,24.62309589041096,38.04,1087.8600000000001,365,365
อุตรดิตถ์,2015,16465.0,534.0,35636.0,30852.0,53,CHANGWAT UTTARADIT,ภาคเหนือ,17.76054,100.44539,533.676909114482,-9.889448336252194,-11.50169469040716,25.550301369863014,40.23,896.25,365,365
อุตรดิตถ์,2016,7536.0,242.0,38067.0,31196.0,53,CHANGWAT UTTARADIT,ภาคเหนือ,17.76054,100.44539,241.5694319784588,-54.2301852414212,-54.73489149468927,25.121502732240437,41.72,1357.8500000000001,366,366
อุตรดิตถ์,2017,28912.0,923.0,40010.0,31316.0,53,CHANGWAT UTTARADIT,ภาคเหนือ,17.76054,100.44539,923.234129518457,283.6518046709129,282.1816866302785,24.08008219178082,36.55,1671.54,365,365
อุตรดิตถ์,2018,30583.0,960.0,40521.0,31847.0,53,CHANGWAT UTTARADIT,ภาคเหนือ,17.76054,100.44539,960.31023330298,5.779607083563909,4.015893975221774,23.95032876712329,36.0,1222.5,365,365
อุตรดิตถ์,2019,22837.0,648.0,41720.0,35237.0,53,CHANGWAT UTTARADIT,ภาคเหนือ,17.76054,100.44539,648.0971705877345,-25.327796488245102,-32.51168756594325,25.28446575342466,40.51,1067.5800000000002,365,365
อุตรดิตถ์,2020,21012.0,560.0,42699.0,37549.0,53,CHANGWAT UTTARADIT,ภาคเหนือ,17.76054,100.44539,559.5888039628219,-7.991417436616022,-13.656650675491722,25.056366120218577,39.83,1361.19,366,366
อุตรดิตถ์,2021,27333.53,691.0,42813.0,39549.0,53,CHANGWAT UTTARADIT,ภาคเหนือ,17.76054,100.44539,691.1307491971984,30.08533219112888,23.506893687443387,24.10641095890411,37.18,1435.27,365,365
อุตรดิตถ์,2022,32747.0,799.0,47776.0,40985.0,53,CHANGWAT UTTARADIT,ภาคเหนือ,17.76054,100.44539,798.9996340124436,19.805235547695467,15.607594502276624,23.995205479452054,36.8,1547.06,365,365
อุตรดิตถ์,2023,35189.0,850.0,48856.0,41398.0,53,CHANGWAT UTTARADIT,ภาคเหนือ,17.76054,100.44539,850.0169090294218,7.457171649311389,6.385143727886056,24.98065753424658,40.77,1201.82,365,365
อุตรดิตถ์,2024,34028.0,806.0,51133.0,42215.0,53,CHANGWAT UTTARADIT,ภาคเหนือ,17.76054,100.44539,806.0641951912827,-3.29932649407485,-5.170804647677629,25.440683060109293,41.55,1492.1,366,366
อุตรดิตถ์,2025,39684.0,930.0,56108.0,42692.0,53,CHANGWAT UTTARADIT,ภาคเหนือ,17.76054,100.44539,929.5418345357444,16.621605736452327,15.318586296363158,24.28378082191781,37.81,1663.5699999999997,365,365
สุราษฎร์ธานี,1997,34712.0,1354.0,37387.0,25637.0,84,CHANGWAT SURAT THANI,ภาคใต้,9.01557,99.113,1353.9805749502673,,,26.445780821917804,34.36,2185.85,365,365
สุราษฎร์ธานี,1998,39013.0,1415.0,39122.0,27571.0,84,CHANGWAT SURAT THANI,ภาคใต้,9.01557,99.113,1415.001269449784,12.390527771375904,4.506762920269969,27.081287671232875,38.68,2205.1800000000003,365,365
สุราษฎร์ธานี,1999,35045.0,1186.0,39947.0,29549.0,84,CHANGWAT SURAT THANI,ภาคใต้,9.01557,99.113,1185.9961420014213,-10.170968651475151,-16.18409342752112,25.763835616438353,33.97,2390.56,365,365
สุราษฎร์ธานี,2000,46718.0,1386.0,40867.0,33707.0,84,CHANGWAT SURAT THANI,ภาคใต้,9.01557,99.113,1386.0029074079569,33.308603224425745,16.86403170494428,26.028306010928965,35.04,2336.6400000000003,366,366
สุราษฎร์ธานี,2001,37266.0,1036.0,41895.0,35971.0,84,CHANGWAT SURAT THANI,ภาคใต้,9.01557,99.113,1036.001223207584,-20.23203048075688,-25.25259379541498,26.070602739726027,33.22,2447.98,365,365
สุราษฎร์ธานี,2002,49085.0,1329.0,42603.0,36934.0,84,CHANGWAT SURAT THANI,ภาคใต้,9.01557,99.113,1328.9922564574647,31.71523640852252,28.280954374044587,26.357616438356168,34.48,1810.5300000000002,365,365
สุราษฎร์ธานี,2003,33112.0,898.0,49524.0,36873.0,84,CHANGWAT SURAT THANI,ภาคใต้,9.01557,99.113,898.0012475252895,-32.54150962615871,-32.429911223186224,26.355369863013696,34.84,2287.22,365,365
สุราษฎร์ธานี,2004,42212.0,1137.0,52895.0,37126.0,84,CHANGWAT SURAT THANI,ภาคใต้,9.01557,99.113,1136.9929429510316,27.48248369171298,26.61373757379013,26.331338797814208,35.4,1740.4700000000003,366,366
สุราษฎร์ธานี,2005,33290.0,890.0,53258.0,37405.0,84,CHANGWAT SURAT THANI,ภาคใต้,9.01557,99.113,889.9879695227911,-21.136169809532834,-21.72440690679631,26.56378082191781,37.09,1873.1000000000001,365,365
สุราษฎร์ธานี,2006,32761.0,918.0,51272.0,35687.0,84,CHANGWAT SURAT THANI,ภาคใต้,9.01557,99.113,918.0093591503908,-1.589065785521182,3.1485133043567703,26.273698630136984,33.39,2083.44,365,365
สุราษฎร์ธานี,2007,38498.0,1050.0,46142.0,36665.0,84,CHANGWAT SURAT THANI,ภาคใต้,9.01557,99.113,1049.9931815082505,17.511675467781807,14.37717611942535,26.22986301369863,34.61,2230.38,365,365
สุราษฎร์ธานี,2008,37513.0,1003.0,44932.0,37401.0,84,CHANGWAT SURAT THANI,ภาคใต้,9.01557,99.113,1002.994572337638,-2.5585744714011094,-4.476087083070556,26.099535519125684,33.97,2279.1800000000003,366,366
สุราษฎร์ธานี,2009,36096.0,1173.0,37778.0,30772.0,84,CHANGWAT SURAT THANI,ภาคใต้,9.01557,99.113,1173.0144287014168,-3.777357182843277,16.95122396998825,26.217068493150684,33.64,2073.62,365,365
สุราษฎร์ธานี,2010,32101.0,1038.0,36436.0,30926.0,84,CHANGWAT SURAT THANI,ภาคใต้,9.01557,99.113,1037.9939209726444,-11.067708333333336,-11.510558133393678,26.836438356164383,37.81,2522.4500000000003,365,365
สุราษฎร์ธานี,2011,22326.0,742.0,34117.0,30089.0,84,CHANGWAT SURAT THANI,ภาคใต้,9.01557,99.113,741.998737079996,-30.45076477368306,-28.516080673698784,26.040301369863016,33.45,2846.75,365,365
สุราษฎร์ธานี,2012,31423.0,1167.0,29449.0,26926.0,84,CHANGWAT SURAT THANI,ภาคใต้,9.01557,99.113,1167.013295699324,40.74621517513213,57.279687603229256,26.349234972677596,34.01,2599.8100000000004,366,366
สุราษฎร์ธานี,2013,32012.0,1282.0,30154.0,24970.0,84,CHANGWAT SURAT THANI,ภาคใต้,9.01557,99.113,1282.018422106528,1.874423193202435,9.854654341216218,26.399342465753424,34.36,2476.19,365,365
สุราษฎร์ธานี,2014,28764.0,1220.0,31079.0,23580.0,84,CHANGWAT SURAT THANI,ภาคใต้,9.01557,99.113,1219.8473282442749,-10.146195176808693,-4.849469616832636,26.692054794520548,36.22,2242.6,365,365
สุราษฎร์ธานี,2015,28311.0,1212.0,42167.0,23357.0,84,CHANGWAT SURAT THANI,ภาคใต้,9.01557,99.113,1212.099156569765,-1.574885273258242,-0.6351755252570701,26.7146301369863,35.87,1956.6499999999999,365,365
สุราษฎร์ธานี,2016,23289.0,978.0,45240.0,23807.0,84,CHANGWAT SURAT THANI,ภาคใต้,9.01557,99.113,978.2416936195236,-17.738688142418148,-19.293591756309517,26.88885245901639,37.62,2376.3500000000004,366,366
สุราษฎร์ธานี,2017,21375.0,795.0,54282.0,26876.0,84,CHANGWAT SURAT THANI,ภาคใต้,9.01557,99.113,795.3192439351094,-8.21847224011336,-18.69910584240134,26.512164383561647,33.87,2941.08,365,365
สุราษฎร์ธานี,2018,25368.0,900.0,70520.0,28191.0,84,CHANGWAT SURAT THANI,ภาคใต้,9.01557,99.113,899.8616579759498,18.680701754385964,13.144710735726918,26.62950684931507,36.31,2555.86,365,365
สุราษฎร์ธานี,2019,45825.0,1174.0,76873.0,39039.0,84,CHANGWAT SURAT THANI,ภาคใต้,9.01557,99.113,1173.8261738261738,80.64096499526963,30.445181592296056,26.872410958904112,35.8,1993.12,365,365
สุราษฎร์ธานี,2020,39396.0,962.0,79994.0,40967.0,84,CHANGWAT SURAT THANI,ภาคใต้,9.01557,99.113,961.6520614152856,-14.029459901800324,-18.07542864028077,26.91825136612022,36.79,3246.05,366,366
สุราษฎร์ธานี,2021,46957.0,1010.0,84252.0,46489.0,84,CHANGWAT SURAT THANI,ภาคใต้,9.01557,99.113,1010.066897545656,19.192303787186525,5.034548156546048,26.444465753424655,34.19,2653.92,365,365
สุราษฎร์ธานี,2022,48327.0,719.0,91710.0,67207.0,84,CHANGWAT SURAT THANI,ภาคใต้,9.01557,99.113,719.076881872424,2.9175628766743955,-28.808984472246703,26.514191780821918,33.5,3253.4799999999996,365,365
สุราษฎร์ธานี,2023,77017.0,1033.0,104065.0,74543.0,84,CHANGWAT SURAT THANI,ภาคใต้,9.01557,99.113,1033.1888976832165,59.36639973513771,43.68267479172292,26.943753424657533,35.45,2373.68,365,365
สุราษฎร์ธานี,2024,68611.0,856.0,116216.0,80186.0,84,CHANGWAT SURAT THANI,ภาคใต้,9.01557,99.113,855.6481181253586,-10.914473427944484,-17.183767649455838,27.602213114754097,38.73,2325.99,366,366
สุราษฎร์ธานี,2025,79944.0,933.0,128780.0,85660.0,84,CHANGWAT SURAT THANI,ภาคใต้,9.01557,99.113,933.27107167873,16.517759542930442,9.071831271415132,26.589506849315068,36.57,2281.5,365,365
ชุมพร,1997,83508.0,1282.0,109620.0,65139.0,86,CHANGWAT CHUMPHON,ภาคใต้,10.31859,99.03505,1281.9969603463362,,,26.4927397260274,37.03,2288.22,365,365
ชุมพร,1998,97885.0,1310.0,116513.0,74721.0,86,CHANGWAT CHUMPHON,ภาคใต้,10.31859,99.03505,1310.0065577280818,17.21631460458879,2.1848411695281067,27.230739726027394,38.89,2033.2999999999997,365,365
ชุมพร,1999,98942.0,1260.0,113891.0,78525.0,86,CHANGWAT CHUMPHON,ภาคใต้,10.31859,99.03505,1260.0063673989175,1.079838586095927,-3.816789315610647,25.394712328767124,33.47,2339.52,365,365
ชุมพร,2000,123218.0,1396.0,123236.0,88265.0,86,CHANGWAT CHUMPHON,ภาคใต้,10.31859,99.03505,1396.0006797711435,24.535586505225293,10.793144851558534,25.68934426229508,33.73,2179.3599999999997,366,366
ชุมพร,2001,126926.0,1257.0,121773.0,100975.0,86,CHANGWAT CHUMPHON,ภาคใต้,10.31859,99.03505,1257.0042089626145,3.009300589199637,-9.95676240152804,25.75586301369863,33.14,2482.03,365,365
ชุมพร,2002,130408.0,1212.0,124886.0,107597.0,86,CHANGWAT CHUMPHON,ภาคใต้,10.31859,99.03505,1212.004052157588,2.743330759655227,-3.579952754666149,26.462301369863013,36.51,2150.6,365,365
ชุมพร,2003,99665.0,907.0,130779.0,109884.0,86,CHANGWAT CHUMPHON,ภาคใต้,10.31859,99.03505,907.0019293072696,-23.57447395865284,-25.16510751819344,26.13183561643836,35.16,1872.5400000000002,365,365
ชุมพร,2004,116322.0,1021.0,133247.0,113929.0,86,CHANGWAT CHUMPHON,ภาคใต้,10.31859,99.03505,1021.0043097016564,16.712988511513572,12.569144200327909,26.459863387978142,38.3,1836.6499999999999,366,366
ชุมพร,2005,91655.0,826.0,130880.0,110962.0,86,CHANGWAT CHUMPHON,ภาคใต้,10.31859,99.03505,826.0034966925614,-21.205790822028504,-19.09892163590137,26.750465753424656,37.46,1842.42,365,365
ชุมพร,2006,74861.0,677.0,128404.0,110577.0,86,CHANGWAT CHUMPHON,ภาคใต้,10.31859,99.03505,677.0033551281008,-18.32305929845617,-18.038681695789293,26.13441095890411,35.38,2328.92,365,365
ชุมพร,2007,133532.0,1175.0,125863.0,113644.0,86,CHANGWAT CHUMPHON,ภาคใต้,10.31859,99.03505,1175.002639822604,78.3732517599284,73.55935253825632,26.284246575342465,37.1,2409.55,365,365
ชุมพร,2008,100584.0,872.0,119947.0,115349.0,86,CHANGWAT CHUMPHON,ภาคใต้,10.31859,99.03505,871.9971564556259,-24.67423538926998,-25.78764277608128,26.021748633879778,36.24,2285.5699999999997,366,366
ชุมพร,2009,122778.0,1100.0,115253.0,111616.0,86,CHANGWAT CHUMPHON,ภาคใต้,10.31859,99.03505,1100.0035837155965,22.065139584824635,26.147611327855657,26.117698630136985,35.36,2530.5099999999998,365,365
ชุมพร,2010,66131.0,605.0,111912.0,109307.0,86,CHANGWAT CHUMPHON,ภาคใต้,10.31859,99.03505,605.0024243644049,-46.13774454706869,-44.99995878915001,26.885835616438357,38.02,2199.22,365,365
ชุมพร,2011,56092.0,515.0,112532.0,108916.0,86,CHANGWAT CHUMPHON,ภาคใต้,10.31859,99.03505,515.0023871607477,-15.180475117569667,-14.875979595983956,25.75032876712329,32.43,2761.79,365,365
ชุมพร,2012,110026.0,1018.0,115938.0,108081.0,86,CHANGWAT CHUMPHON,ภาคใต้,10.31859,99.03505,1017.9957624374312,96.15274905512372,97.66816384089576,26.06934426229508,32.0,3120.3199999999997,366,366
ชุมพร,2013,127046.0,1171.0,124620.0,108494.0,86,CHANGWAT CHUMPHON,ภาคใต้,10.31859,99.03505,1170.995631094807,15.469070946867111,15.029519208512388,26.104794520547944,37.22,2810.3999999999996,365,365
ชุมพร,2014,151141.0,1205.0,158079.0,125437.0,86,CHANGWAT CHUMPHON,ภาคใต้,10.31859,99.03505,1204.9156150099252,18.96557152527432,2.8966789469064835,26.644465753424658,37.11,2690.08,365,365
ชุมพร,2015,124495.0,993.0,167040.0,125404.0,86,CHANGWAT CHUMPHON,ภาคใต้,10.31859,99.03505,992.7514273866864,-17.62989526336335,-17.60821961141994,26.616219178082194,37.3,2401.24,365,365
ชุมพร,2016,136807.0,1075.0,202823.0,127250.0,86,CHANGWAT CHUMPHON,ภาคใต้,10.31859,99.03505,1075.1041257367388,9.889553797341266,8.295399641664304,26.798825136612024,38.2,2673.52,366,366
ชุมพร,2017,114252.0,873.0,208848.0,130911.0,86,CHANGWAT CHUMPHON,ภาคใต้,10.31859,99.03505,872.7456057932488,-16.486729480216656,-18.82222522444691,26.0667397260274,33.05,3212.91,365,365
ชุมพร,2018,154773.0,1051.0,217725.0,147201.0,86,CHANGWAT CHUMPHON,ภาคใต้,10.31859,99.03505,1051.4398679356798,35.46633756958302,20.474954093869503,26.38887671232877,34.93,3016.9300000000003,365,365
ชุมพร,2019,277729.0,1760.0,223886.0,157833.0,86,CHANGWAT CHUMPHON,ภาคใต้,10.31859,99.03505,1759.6383519289377,79.44279687025515,67.35511041479558,26.652109589041096,37.74,2555.9700000000003,365,365
ชุมพร,2020,315552.0,1609.0,232011.0,196158.0,86,CHANGWAT CHUMPHON,ภาคใต้,10.31859,99.03505,1608.6624047961338,13.618671438704633,-8.579941836758797,26.85743169398907,38.33,2619.88,366,366
ชุมพร,2021,343900.0,1658.0,246580.0,207376.0,86,CHANGWAT CHUMPHON,ภาคใต้,10.31859,99.03505,1658.340405832883,8.98362235067438,3.088155780146118,26.27887671232877,36.74,3242.41,365,365
ชุมพร,2022,261232.0,1209.0,260768.0,216141.0,86,CHANGWAT CHUMPHON,ภาคใต้,10.31859,99.03505,1208.6184481426476,-24.03838325094504,-27.11879636463225,26.03983561643836,32.34,3618.63,365,365
ชุมพร,2023,271470.0,1224.0,279254.0,221768.0,86,CHANGWAT CHUMPHON,ภาคใต้,10.31859,99.03505,1224.117095342881,3.919121700251127,1.2823440866760685,26.983205479452057,36.97,2350.99,365,365
ชุมพร,2024,226574.0,991.0,327793.0,228672.0,86,CHANGWAT CHUMPHON,ภาคใต้,10.31859,99.03505,990.8252868737756,-16.538107341511033,-19.05796507185934,27.64051912568306,39.8,2612.8999999999996,366,366
ชุมพร,2025,278840.0,1158.0,334576.0,240775.0,86,CHANGWAT CHUMPHON,ภาคใต้,10.31859,99.03505,1158.093655902814,23.067960136644096,16.881721858027966,26.301972602739724,34.24,2669.95,365,365
