province_name,year_ce,production_tonnes,yield_kg_per_rai_source,planted_rai,bearing_rai,province_code,province_name_en,region,weather_latitude,weather_longitude,yield_kg_per_rai_calculated,national_rank,regional_rank,selected_national_top12,selected_regional_top3,selection_reason,peak_month,peak_share_pct,reported_months,months_at_least_10pct,reported_month_count,soil_overlay_status,climate_temperature_c,climate_humidity_pct,climate_solar_mj_m2_day,climate_rain_mm_year,climate_complete_years
สุโขทัย,2025,7902.0,588.0,16699.0,13432.0,64,CHANGWAT SUKHOTHAI,ภาคกลาง,17.25127,99.70693,588.2966051220965,13,1,False,True,Top 3 ภาค,กรกฎาคม,68.75,"พฤษภาคม, มิถุนายน, กรกฎาคม, สิงหาคม","มิถุนายน, กรกฎาคม",4,ยังไม่ซ้อนชุดดินกับพื้นที่ทุเรียน,26.914753589340524,73.15820348828505,18.02149484242832,1502.506,5
เพชรบูรณ์,2025,2454.0,837.0,4974.0,2932.0,67,CHANGWAT PHETCHABUN,ภาคกลาง,16.24862,101.0381,836.9713506139154,23,2,False,True,Top 3 ภาค,สิงหาคม,34.04,"มิถุนายน, กรกฎาคม, สิงหาคม, กันยายน, ตุลาคม","กรกฎาคม, สิงหาคม, กันยายน",5,ยังไม่ซ้อนชุดดินกับพื้นที่ทุเรียน,25.819272520398233,75.15571750879556,17.53996457818699,1393.0,5
พิษณุโลก,2025,2290.0,545.0,8345.0,4199.0,65,CHANGWAT PHITSANULOK,ภาคกลาง,17.02909,100.53787,545.3679447487497,26,3,False,True,Top 3 ภาค,กรกฎาคม,43.62,"พฤษภาคม, มิถุนายน, กรกฎาคม, สิงหาคม, กันยายน","มิถุนายน, กรกฎาคม",5,ยังไม่ซ้อนชุดดินกับพื้นที่ทุเรียน,25.628733078823267,74.50344500336851,18.051769189310576,1465.792,5
ประจวบคีรีขันธ์,2025,14137.0,977.0,20139.0,14476.0,77,CHANGWAT PRACHUAP KHIRI KHAN,ภาคตะวันตก,11.80445,99.72466,976.5819287095884,11,1,True,True,Top 12 ประเทศ + Top 3 ภาค,มิถุนายน,55.31,"พฤษภาคม, มิถุนายน, กรกฎาคม, สิงหาคม, กันยายน, ตุลาคม","มิถุนายน, กรกฎาคม",6,ยังไม่ซ้อนชุดดินกับพื้นที่ทุเรียน,27.417059675125387,80.84943590089078,17.26105578261846,2033.5279999999998,5
เพชรบุรี,2025,4103.0,782.0,7280.0,5249.0,76,CHANGWAT PHETCHABURI,ภาคตะวันตก,12.95066,99.61339,781.6726995618213,16,2,False,True,Top 3 ภาค,กรกฎาคม,48.32,"กุมภาพันธ์, มีนาคม, พฤษภาคม, มิถุนายน, กรกฎาคม, สิงหาคม","มิถุนายน, กรกฎาคม",6,ยังไม่ซ้อนชุดดินกับพื้นที่ทุเรียน,24.381426034882853,83.1570908002096,17.08255104423984,1569.678,5
กาญจนบุรี,2025,3904.0,758.0,13817.0,5152.0,71,CHANGWAT KANCHANABURI,ภาคตะวันตก,14.69477,99.07745,757.7639751552795,18,3,False,True,Top 3 ภาค,พฤษภาคม,60.71,"เมษายน, พฤษภาคม, มิถุนายน, กรกฎาคม, สิงหาคม","พฤษภาคม, มิถุนายน, กรกฎาคม",5,ยังไม่ซ้อนชุดดินกับพื้นที่ทุเรียน,25.979087746088783,77.61444175462235,18.050577213863313,1636.854,5
จันทบุรี,2025,575611.0,1714.0,469721.0,335883.0,22,CHANGWAT CHANTHABURI,ภาคตะวันออก,12.815,102.17964,1713.7247196196297,1,1,True,True,Top 12 ประเทศ + Top 3 ภาค,พฤษภาคม,56.74,"กุมภาพันธ์, มีนาคม, เมษายน, พฤษภาคม, มิถุนายน, กรกฎาคม","เมษายน, พฤษภาคม, มิถุนายน",6,ซ้อนชุดดินกับ A403 แล้ว,26.169173710607083,83.61520962646905,16.967441215659854,2469.7,5
ระยอง,2025,188321.0,1904.0,143393.0,98886.0,21,CHANGWAT RAYONG,ภาคตะวันออก,12.87429,101.44464,1904.425297817689,3,2,True,True,Top 12 ประเทศ + Top 3 ภาค,พฤษภาคม,41.52,"มีนาคม, เมษายน, พฤษภาคม, มิถุนายน, กรกฎาคม","เมษายน, พฤษภาคม, มิถุนายน",5,ยังไม่ซ้อนชุดดินกับพื้นที่ทุเรียน,27.323683030166926,79.54117591137062,18.224886757990866,1868.4239999999998,5
ตราด,2025,107760.0,1753.0,126883.0,61457.0,23,CHANGWAT TRAT,ภาคตะวันออก,12.20256,102.41806,1753.4210911694356,4,3,True,True,Top 12 ประเทศ + Top 3 ภาค,พฤษภาคม,49.97,"กุมภาพันธ์, มีนาคม, เมษายน, พฤษภาคม, มิถุนายน","เมษายน, พฤษภาคม, มิถุนายน",5,ยังไม่ซ้อนชุดดินกับพื้นที่ทุเรียน,27.345141312972526,81.98553408189237,16.967441215659854,3450.888,5
ศรีสะเกษ,2025,18604.0,1371.0,20802.0,13571.0,33,CHANGWAT SI SA KET,ภาคตะวันออกเฉียงเหนือ,14.96093,104.32724,1370.8643430845184,10,1,True,True,Top 12 ประเทศ + Top 3 ภาค,มิถุนายน,55.72,"พฤษภาคม, มิถุนายน, กรกฎาคม, สิงหาคม","มิถุนายน, กรกฎาคม",4,ซ้อนชุดดินกับ A403 แล้ว,26.982141312972526,74.77213962122913,18.36598745415076,1872.056,5
นครราชสีมา,2025,7747.0,1007.0,16431.0,7691.0,30,CHANGWAT NAKHON RATCHASIMA,ภาคตะวันออกเฉียงเหนือ,14.96614,102.07023,1007.2812378104278,14,2,False,True,Top 3 ภาค,กรกฎาคม,59.14,"มิถุนายน, กรกฎาคม, สิงหาคม","มิถุนายน, กรกฎาคม, สิงหาคม",3,ยังไม่ซ้อนชุดดินกับพื้นที่ทุเรียน,26.1326971629613,76.47696921925294,18.1725072086234,1469.066,5
อุบลราชธานี,2025,2651.0,1266.0,6705.0,2094.0,34,CHANGWAT UBON RATCHATHANI,ภาคตะวันออกเฉียงเหนือ,15.15404,105.10408,1265.9980897803248,22,3,False,True,Top 3 ภาค,มิถุนายน,85.62,"พฤษภาคม, มิถุนายน, กรกฎาคม, สิงหาคม","มิถุนายน, กรกฎาคม",4,ยังไม่ซ้อนชุดดินกับพื้นที่ทุเรียน,26.991653941163264,75.23476830601093,17.925689138408565,1942.2779999999998,5
อุตรดิตถ์,2025,39684.0,930.0,56108.0,42692.0,53,CHANGWAT UTTARADIT,ภาคเหนือ,17.76054,100.44539,929.5418345357444,9,1,True,True,Top 12 ประเทศ + Top 3 ภาค,มิถุนายน,46.05,"เมษายน, พฤษภาคม, มิถุนายน, กรกฎาคม, สิงหาคม, กันยายน","มิถุนายน, กรกฎาคม",6,ซ้อนชุดดินกับ A403 แล้ว,24.56087177183921,77.63190535219702,18.051769189310576,1467.73,5
แพร่,2025,3684.0,663.0,8229.0,5555.0,54,CHANGWAT PHRAE,ภาคเหนือ,18.25924,100.16228,663.1863186318632,19,2,False,True,Top 3 ภาค,กรกฎาคม,63.06,"พฤษภาคม, มิถุนายน, กรกฎาคม, สิงหาคม, กันยายน","มิถุนายน, กรกฎาคม",5,ยังไม่ซ้อนชุดดินกับพื้นที่ทุเรียน,24.863580657234824,76.2647216258702,17.540673283928435,1449.724,5
เชียงใหม่,2025,805.0,472.0,5037.0,1706.0,50,CHANGWAT CHIANG MAI,ภาคเหนือ,18.69696,98.61805,471.8640093786635,40,3,False,True,Top 3 ภาค,กันยายน,44.69,"มีนาคม, กรกฎาคม, สิงหาคม, กันยายน, ตุลาคม","สิงหาคม, กันยายน, ตุลาคม",5,ยังไม่ซ้อนชุดดินกับพื้นที่ทุเรียน,24.172202634927764,76.04576806647204,17.11596987798488,1430.6680000000001,5
ชุมพร,2025,278840.0,1158.0,334576.0,240775.0,86,CHANGWAT CHUMPHON,ภาคใต้,10.31859,99.03505,1158.093655902814,2,1,True,True,Top 12 ประเทศ + Top 3 ภาค,กรกฎาคม,43.18,"มกราคม, กุมภาพันธ์, พฤษภาคม, มิถุนายน, กรกฎาคม, สิงหาคม, กันยายน, ตุลาคม, พฤศจิกายน, ธันวาคม","มิถุนายน, กรกฎาคม",10,ซ้อนชุดดินกับ A403 แล้ว,26.649287371809272,83.27215065498915,17.541020690171422,2899.1279999999997,5
นครศรีธรรมราช,2025,95109.0,1127.0,121278.0,84355.0,80,CHANGWAT NAKHON SI THAMMARAT,ภาคใต้,8.57693,99.70082,1127.4850334894195,5,2,True,True,Top 12 ประเทศ + Top 3 ภาค,ธันวาคม,23.49,"มกราคม, กุมภาพันธ์, มีนาคม, เมษายน, มิถุนายน, กรกฎาคม, สิงหาคม, กันยายน, ตุลาคม, พฤศจิกายน, ธันวาคม","กรกฎาคม, พฤศจิกายน, ธันวาคม",11,ยังไม่ซ้อนชุดดินกับพื้นที่ทุเรียน,26.91167936222771,83.58239691593681,16.873114933752525,2799.846,5
สุราษฎร์ธานี,2025,79944.0,933.0,128780.0,85660.0,84,CHANGWAT SURAT THANI,ภาคใต้,9.01557,99.113,933.27107167873,6,3,True,True,Top 12 ประเทศ + Top 3 ภาค,กรกฎาคม,42.41,"มกราคม, กุมภาพันธ์, มีนาคม, พฤษภาคม, มิถุนายน, กรกฎาคม, สิงหาคม, กันยายน, ตุลาคม, พฤศจิกายน, ธันวาคม","มิถุนายน, กรกฎาคม, สิงหาคม",11,ยังไม่ซ้อนชุดดินกับพื้นที่ทุเรียน,26.8190177109065,85.20369660902762,17.594410779249944,2577.722,5
ยะลา,2025,45426.0,555.0,114534.0,81776.0,95,CHANGWAT YALA,ภาคใต้,6.14729,101.23697,555.4930541968304,7,4,True,False,Top 12 ประเทศ,สิงหาคม,69.49,"มิถุนายน, กรกฎาคม, สิงหาคม, กันยายน, ตุลาคม, ธันวาคม","กรกฎาคม, สิงหาคม, กันยายน",6,ยังไม่ซ้อนชุดดินกับพื้นที่ทุเรียน,24.460182648401826,89.69096948873418,17.634098270828655,2910.888,5
ระนอง,2025,42337.0,987.0,49155.0,42883.0,85,CHANGWAT RANONG,ภาคใต้,10.04423,98.76673,987.2676818319612,8,5,True,False,Top 12 ประเทศ,กรกฎาคม,38.54,"มกราคม, กุมภาพันธ์, มีนาคม, พฤษภาคม, มิถุนายน, กรกฎาคม, สิงหาคม, กันยายน, ตุลาคม, พฤศจิกายน, ธันวาคม","มิถุนายน, กรกฎาคม, สิงหาคม",11,ยังไม่ซ้อนชุดดินกับพื้นที่ทุเรียน,25.77722360955162,87.53078189984281,17.118151298749904,3037.692,5
สงขลา,2025,8445.0,417.0,27718.0,20241.0,90,CHANGWAT SONGKHLA,ภาคใต้,7.11784,100.3647,417.2224692455906,12,6,True,False,Top 12 ประเทศ,กรกฎาคม,65.14,"มกราคม, มิถุนายน, กรกฎาคม, สิงหาคม, กันยายน, พฤศจิกายน, ธันวาคม","กรกฎาคม, สิงหาคม",7,ยังไม่ซ้อนชุดดินกับพื้นที่ทุเรียน,27.110119664645556,85.00489886967588,17.9157235421813,2448.754,5
