province_name,month,production_share_pct,monthly_production_tonnes,month_number
กาญจนบุรี,เมษายน,4.92,192.0,4
กาญจนบุรี,พฤษภาคม,60.71,2370.0,5
กาญจนบุรี,มิถุนายน,19.2,750.0,6
กาญจนบุรี,กรกฎาคม,13.24,517.0,7
กาญจนบุรี,สิงหาคม,1.93,75.0,8
จันทบุรี,กุมภาพันธ์,0.09,518.0,2
จันทบุรี,มีนาคม,1.31,7541.0,3
จันทบุรี,เมษายน,22.82,131354.0,4
จันทบุรี,พฤษภาคม,56.74,326602.0,5
จันทบุรี,มิถุนายน,18.15,104473.0,6
จันทบุรี,กรกฎาคม,0.89,5123.0,7
ชุมพร,มกราคม,0.8,2219.0,1
ชุมพร,กุมภาพันธ์,2.87,8006.0,2
ชุมพร,พฤษภาคม,0.35,968.0,5
ชุมพร,มิถุนายน,36.19,100922.0,6
ชุมพร,กรกฎาคม,43.18,120405.0,7
ชุมพร,สิงหาคม,2.93,8183.0,8
ชุมพร,กันยายน,4.31,12017.0,9
ชุมพร,ตุลาคม,3.7,10331.0,10
ชุมพร,พฤศจิกายน,3.46,9640.0,11
ชุมพร,ธันวาคม,2.21,6149.0,12
ตราด,กุมภาพันธ์,0.08,86.0,2
ตราด,มีนาคม,1.8,1940.0,3
ตราด,เมษายน,35.6,38363.0,4
ตราด,พฤษภาคม,49.97,53847.0,5
ตราด,มิถุนายน,12.55,13524.0,6
นครราชสีมา,มิถุนายน,25.78,1997.0,6
นครราชสีมา,กรกฎาคม,59.14,4582.0,7
นครราชสีมา,สิงหาคม,15.08,1168.0,8
นครศรีธรรมราช,มกราคม,8.83,8398.0,1
นครศรีธรรมราช,กุมภาพันธ์,5.32,5062.0,2
นครศรีธรรมราช,มีนาคม,3.14,2987.0,3
นครศรีธรรมราช,เมษายน,0.02,16.0,4
นครศรีธรรมราช,มิถุนายน,7.99,7594.0,6
นครศรีธรรมราช,กรกฎาคม,21.41,20357.0,7
นครศรีธรรมราช,สิงหาคม,8.78,8341.0,8
นครศรีธรรมราช,กันยายน,1.17,1113.0,9
นครศรีธรรมราช,ตุลาคม,4.99,4750.0,10
นครศรีธรรมราช,พฤศจิกายน,14.86,14140.0,11
นครศรีธรรมราช,ธันวาคม,23.49,22351.0,12
ประจวบคีรีขันธ์,พฤษภาคม,1.02,144.0,5
ประจวบคีรีขันธ์,มิถุนายน,55.31,7819.0,6
ประจวบคีรีขันธ์,กรกฎาคม,40.94,5788.0,7
ประจวบคีรีขันธ์,สิงหาคม,1.38,195.0,8
ประจวบคีรีขันธ์,กันยายน,0.94,133.0,9
ประจวบคีรีขันธ์,ตุลาคม,0.41,58.0,10
พิษณุโลก,พฤษภาคม,6.63,152.0,5
พิษณุโลก,มิถุนายน,40.98,938.0,6
พิษณุโลก,กรกฎาคม,43.62,999.0,7
พิษณุโลก,สิงหาคม,7.13,163.0,8
พิษณุโลก,กันยายน,1.64,38.0,9
ยะลา,มิถุนายน,0.71,325.0,6
ยะลา,กรกฎาคม,11.94,5426.0,7
ยะลา,สิงหาคม,69.49,31565.0,8
ยะลา,กันยายน,13.56,6158.0,9
ยะลา,ตุลาคม,0.33,148.0,10
ยะลา,ธันวาคม,3.97,1804.0,12
ระนอง,มกราคม,0.73,309.0,1
ระนอง,กุมภาพันธ์,0.61,257.0,2
ระนอง,มีนาคม,0.53,223.0,3
ระนอง,พฤษภาคม,0.97,411.0,5
ระนอง,มิถุนายน,30.72,13008.0,6
ระนอง,กรกฎาคม,38.54,16319.0,7
ระนอง,สิงหาคม,17.28,7313.0,8
ระนอง,กันยายน,4.7,1990.0,9
ระนอง,ตุลาคม,3.49,1476.0,10
ระนอง,พฤศจิกายน,1.13,480.0,11
ระนอง,ธันวาคม,1.3,551.0,12
ระยอง,มีนาคม,0.93,1751.0,3
ระยอง,เมษายน,26.27,49472.0,4
ระยอง,พฤษภาคม,41.52,78191.0,5
ระยอง,มิถุนายน,23.52,44293.0,6
ระยอง,กรกฎาคม,7.76,14614.0,7
ศรีสะเกษ,พฤษภาคม,7.73,1438.0,5
ศรีสะเกษ,มิถุนายน,55.72,10366.0,6
ศรีสะเกษ,กรกฎาคม,31.83,5922.0,7
ศรีสะเกษ,สิงหาคม,4.72,878.0,8
สงขลา,มกราคม,0.56,47.0,1
สงขลา,มิถุนายน,6.38,539.0,6
สงขลา,กรกฎาคม,65.14,5501.0,7
สงขลา,สิงหาคม,25.89,2186.0,8
สงขลา,กันยายน,0.76,65.0,9
สงขลา,พฤศจิกายน,0.07,6.0,11
สงขลา,ธันวาคม,1.2,101.0,12
สุราษฎร์ธานี,มกราคม,1.1,877.0,1
สุราษฎร์ธานี,กุมภาพันธ์,0.42,336.0,2
สุราษฎร์ธานี,มีนาคม,0.07,52.0,3
สุราษฎร์ธานี,พฤษภาคม,0.19,148.0,5
สุราษฎร์ธานี,มิถุนายน,11.62,9297.0,6
สุราษฎร์ธานี,กรกฎาคม,42.41,33905.0,7
สุราษฎร์ธานี,สิงหาคม,30.01,23993.0,8
สุราษฎร์ธานี,กันยายน,7.13,5702.0,9
สุราษฎร์ธานี,ตุลาคม,0.19,150.0,10
สุราษฎร์ธานี,พฤศจิกายน,2.9,2318.0,11
สุราษฎร์ธานี,ธันวาคม,3.96,3166.0,12
สุโขทัย,พฤษภาคม,3.43,271.0,5
สุโขทัย,มิถุนายน,21.57,1704.0,6
สุโขทัย,กรกฎาคม,68.75,5433.0,7
สุโขทัย,สิงหาคม,6.25,494.0,8
อุตรดิตถ์,เมษายน,0.14,56.0,4
อุตรดิตถ์,พฤษภาคม,9.82,3897.0,5
อุตรดิตถ์,มิถุนายน,46.05,18274.0,6
อุตรดิตถ์,กรกฎาคม,30.67,12171.0,7
อุตรดิตถ์,สิงหาคม,9.07,3599.0,8
อุตรดิตถ์,กันยายน,4.25,1687.0,9
อุบลราชธานี,พฤษภาคม,1.8,48.0,5
อุบลราชธานี,มิถุนายน,85.62,2269.0,6
อุบลราชธานี,กรกฎาคม,12.41,329.0,7
อุบลราชธานี,สิงหาคม,0.17,5.0,8
เชียงใหม่,มีนาคม,0.07,1.0,3
เชียงใหม่,กรกฎาคม,6.08,49.0,7
เชียงใหม่,สิงหาคม,24.2,195.0,8
เชียงใหม่,กันยายน,44.69,359.0,9
เชียงใหม่,ตุลาคม,24.96,201.0,10
เพชรบุรี,กุมภาพันธ์,0.21,9.0,2
เพชรบุรี,มีนาคม,0.25,10.0,3
เพชรบุรี,พฤษภาคม,2.47,101.0,5
เพชรบุรี,มิถุนายน,47.44,1946.0,6
เพชรบุรี,กรกฎาคม,48.32,1983.0,7
เพชรบุรี,สิงหาคม,1.31,54.0,8
เพชรบูรณ์,มิถุนายน,4.04,99.0,6
เพชรบูรณ์,กรกฎาคม,29.69,729.0,7
เพชรบูรณ์,สิงหาคม,34.04,835.0,8
เพชรบูรณ์,กันยายน,30.03,737.0,9
เพชรบูรณ์,ตุลาคม,2.2,54.0,10
แพร่,พฤษภาคม,8.79,324.0,5
แพร่,มิถุนายน,20.52,756.0,6
แพร่,กรกฎาคม,63.06,2323.0,7
แพร่,สิงหาคม,7.45,274.0,8
แพร่,กันยายน,0.18,7.0,9
