region,month,monthly_production_tonnes,region_total_tonnes,production_share_pct,month_number
ภาคกลาง,เมษายน,46.0,17973.0,0.2559394647526846,4
ภาคกลาง,พฤษภาคม,2147.0,17973.0,11.945696322261169,5
ภาคกลาง,มิถุนายน,5239.0,17973.0,29.149279474767706,6
ภาคกลาง,กรกฎาคม,8170.0,17973.0,45.45707450063985,7
ภาคกลาง,สิงหาคม,1542.0,17973.0,8.5795359706226,8
ภาคกลาง,กันยายน,775.0,17973.0,4.312023590941968,9
ภาคกลาง,ตุลาคม,54.0,17973.0,0.30045067601402103,10
ภาคตะวันตก,กุมภาพันธ์,9.0,26310.0,0.03420752565564424,2
ภาคตะวันตก,มีนาคม,14.0,26310.0,0.0532117065754466,3
ภาคตะวันตก,เมษายน,203.0,26310.0,0.7715697453439757,4
ภาคตะวันตก,พฤษภาคม,2884.0,26310.0,10.961611554542,5
ภาคตะวันตก,มิถุนายน,11359.0,26310.0,43.173698213607,6
ภาคตะวันตก,กรกฎาคม,10219.0,26310.0,38.84074496389206,7
ภาคตะวันตก,สิงหาคม,979.0,26310.0,3.7210186240973013,8
ภาคตะวันตก,กันยายน,433.0,26310.0,1.645762067654884,9
ภาคตะวันตก,ตุลาคม,210.0,26310.0,0.798175598631699,10
ภาคตะวันออก,กุมภาพันธ์,604.0,876495.0,0.06891083234930034,2
ภาคตะวันออก,มีนาคม,11232.0,876495.0,1.2814676638201017,3
ภาคตะวันออก,เมษายน,219297.0,876495.0,25.01976622798761,4
ภาคตะวันออก,พฤษภาคม,460181.0,876495.0,52.50241016777049,5
ภาคตะวันออก,มิถุนายน,164894.0,876495.0,18.812885412923062,6
ภาคตะวันออก,กรกฎาคม,20273.0,876495.0,2.312962424200937,7
ภาคตะวันออก,สิงหาคม,14.0,876495.0,0.0015972709484937165,8
ภาคตะวันออกเฉียงเหนือ,เมษายน,19.0,38665.0,0.04914004914004914,4
ภาคตะวันออกเฉียงเหนือ,พฤษภาคม,2605.0,38665.0,6.737359368938316,5
ภาคตะวันออกเฉียงเหนือ,มิถุนายน,18328.0,38665.0,47.402043191516874,6
ภาคตะวันออกเฉียงเหนือ,กรกฎาคม,14479.0,38665.0,37.44730376309324,7
ภาคตะวันออกเฉียงเหนือ,สิงหาคม,3186.0,38665.0,8.240010345273504,8
ภาคตะวันออกเฉียงเหนือ,กันยายน,48.0,38665.0,0.12414328203801887,9
ภาคเหนือ,มีนาคม,1.0,45167.0,0.002214005800695198,3
ภาคเหนือ,เมษายน,56.0,45167.0,0.12398432483893108,4
ภาคเหนือ,พฤษภาคม,4221.0,45167.0,9.34531848473443,5
ภาคเหนือ,มิถุนายน,19180.0,45167.0,42.46463125733389,6
ภาคเหนือ,กรกฎาคม,14779.0,45167.0,32.72079172847433,7
ภาคเหนือ,สิงหาคม,4527.0,45167.0,10.022804259747161,8
ภาคเหนือ,กันยายน,2202.0,45167.0,4.875240773130826,9
ภาคเหนือ,ตุลาคม,201.0,45167.0,0.4450151659397348,10
ภาคใต้,มกราคม,11859.0,569241.0,2.0833003947361486,1
ภาคใต้,กุมภาพันธ์,13686.0,569241.0,2.404254085703595,2
ภาคใต้,มีนาคม,3262.0,569241.0,0.5730437547541375,3
ภาคใต้,เมษายน,16.0,569241.0,0.0028107602930920296,4
ภาคใต้,พฤษภาคม,1751.0,569241.0,0.307602579575259,5
ภาคใต้,มิถุนายน,135343.0,569241.0,23.77604564674716,6
ภาคใต้,กรกฎาคม,211254.0,569241.0,37.111522184803974,7
ภาคใต้,สิงหาคม,87224.0,569241.0,15.3228597377912,8
ภาคใต้,กันยายน,27047.0,569241.0,4.751414602953758,9
ภาคใต้,ตุลาคม,17019.0,569241.0,2.9897705892583284,10
ภาคใต้,พฤศจิกายน,26586.0,569241.0,4.670429572009043,11
ภาคใต้,ธันวาคม,34194.0,569241.0,6.006946091374304,12
