window_months,split,n,mae_kg_rai,alpha
0,validation,10,297.58583013238353,100.0
0,test,10,182.55021337544215,100.0
1,validation,10,299.8339302712233,100.0
1,test,10,184.82484498713,100.0
2,validation,10,299.0831918340208,100.0
2,test,10,191.8292148655413,100.0
3,validation,10,298.03711807869513,100.0
3,test,10,192.26720794320792,100.0
4,validation,10,277.94119384624344,1.0
4,test,10,224.59890022247447,1.0
5,validation,10,245.8538148305291,1.0
5,test,10,226.24454827159644,1.0
6,validation,10,240.0374133855079,1.0
6,test,10,211.95161309486258,1.0
