province_code,province_name,year_ce,anchor_month,yield_kg_rai,w1_temperature_c,w1_rain_mm,w1_humidity_pct,w1_solar_mj_m2_day,w2_temperature_c,w2_rain_mm,w2_humidity_pct,w2_solar_mj_m2_day,w3_temperature_c,w3_rain_mm,w3_humidity_pct,w3_solar_mj_m2_day,w4_temperature_c,w4_rain_mm,w4_humidity_pct,w4_solar_mj_m2_day,w5_temperature_c,w5_rain_mm,w5_humidity_pct,w5_solar_mj_m2_day,w6_temperature_c,w6_rain_mm,w6_humidity_pct,w6_solar_mj_m2_day
22,จันทบุรี,1997,5,2076.998644785977,27.707333333333338,80.38,74.52266666666668,20.071666666666665,27.415737704918033,169.85,74.03918032786885,20.440163934426224,26.92303370786517,215.04,74.25842696629213,19.6361797752809,25.961499999999997,221.05,74.54716666666667,19.2225,25.131192052980136,222.43,75.928940397351,18.68596026490066,25.010552486187844,320.99,78.11988950276242,18.2521546961326
22,จันทบุรี,1998,5,1398.0008280593836,29.784666666666666,54.94,68.34533333333334,19.522,29.465081967213113,67.78,67.05901639344263,20.41901639344262,28.913483146067424,97.17,69.32662921348316,19.838426966292136,28.247583333333335,109.14,70.364,19.591333333333335,27.51033112582782,109.96,71.79940397350992,19.539205298013247,27.11193370165746,152.95,74.13447513812154,19.313314917127073
22,จันทบุรี,1999,5,1602.9993481841207,26.660666666666664,273.37,84.988,17.817333333333334,27.13950819672131,386.43,80.04508196721312,18.233606557377048,26.939213483146062,401.1,76.14426966292135,18.58067415730337,26.303666666666672,407.84000000000003,75.38916666666667,18.116083333333332,25.687152317880795,417.38,76.51933774834436,17.656490066225167,25.46651933701657,456.34000000000003,78.32624309392264,17.26502762430939
22,จันทบุรี,2000,5,1626.00081171826,26.94733333333334,192.46,83.41900000000003,18.433666666666667,27.2572131147541,225.15,77.62131147540983,18.64,26.57833333333334,257.62,76.04477777777778,18.586444444444446,26.012892561983474,277.67,76.68264462809918,18.354132231404954,24.840723684210527,278.42,77.7670394736842,17.956776315789476,24.726373626373626,369.68,79.55192307692307,17.5989010989011
22,จันทบุรี,2001,5,1615.9997579330945,27.554,87.1,82.22566666666665,19.72633333333333,27.02213114754099,282.37,81.87032786885244,18.315409836065577,26.814831460674156,291.65,78.7126966292135,18.504044943820226,26.31825,335.45,78.96558333333333,18.002166666666668,25.79059602649007,343.36,79.46721854304636,17.861655629139072,25.323204419889503,370.28000000000003,80.34546961325967,17.8878453038674
22,จันทบุรี,2002,5,1643.9992112333516,28.066,78.28,75.72599999999998,18.60233333333333,27.798524590163932,124.77,75.09081967213115,18.653278688524583,27.32943820224719,157.97,74.79820224719101,18.447191011235955,26.442416666666666,161.51,74.74275000000002,18.411583333333336,25.771192052980133,165.49,75.77165562913908,18.239205298013243,25.242817679558016,194.99,77.33674033149171,18.139834254143643
22,จันทบุรี,2003,5,1303.000040107488,28.772000000000002,67.8,72.99933333333334,19.997000000000003,27.992131147540984,160.89000000000001,74.92803278688524,18.281475409836062,27.443483146067415,195.15,74.62382022471911,18.05303370786517,26.463583333333336,195.18,74.12333333333332,18.37458333333333,26.140662251655627,233.94,76.04549668874172,18.002317880794703,25.94022099447514,284.74,77.96801104972376,17.871270718232047
22,จันทบุรี,2004,5,1396.000443427377,28.93700000000001,60.0,72.46733333333333,20.398666666666664,28.440819672131145,82.45,72.06918032786885,19.978360655737706,27.32877777777778,128.8,72.87266666666666,19.18788888888889,26.597851239669424,197.3,73.37966942148762,18.572727272727274,25.75875,197.31,73.61480263157895,18.457565789473687,25.592912087912087,199.21,74.99131868131869,18.443296703296706
22,จันทบุรี,2005,5,1121.9986314325936,28.44166666666667,123.27,74.93666666666667,18.70433333333333,28.032786885245898,171.12,71.95573770491804,18.763442622950816,27.772134831460676,175.76,72.47662921348315,18.82056179775281,26.905333333333335,205.58,72.09233333333333,18.387333333333334,26.23006622516556,205.58,70.95278145695363,18.48006622516556,26.022928176795578,222.5,72.46922651933701,18.44513812154696
22,จันทบุรี,2006,5,1163.9981566063304,27.458333333333332,111.1,80.11200000000001,18.19266666666667,27.26409836065574,181.26,79.19557377049182,18.452950819672132,26.97247191011236,246.81,78.51101123595505,18.420449438202244,26.189750000000004,250.48,78.05083333333332,18.288666666666664,25.366887417218546,269.75,79.11509933774835,17.628079470198674,25.270607734806628,384.36,80.49475138121547,17.40867403314917
22,จันทบุรี,2007,5,1194.0004615785003,27.744666666666657,176.84,78.19200000000001,18.525333333333332,27.674918032786888,242.1,77.10819672131149,18.61032786885246,27.069101123595505,256.98,75.14977528089888,18.619887640449438,26.421166666666668,268.86,72.99108333333334,18.562166666666666,25.79596026490066,273.22,73.50278145695366,18.484503311258276,25.71337016574586,312.19,75.26381215469613,18.440883977900555
22,จันทบุรี,2008,5,1271.999707835741,27.834333333333337,134.14000000000001,77.20700000000001,18.83533333333333,27.516721311475404,169.13,73.76426229508196,18.765737704918035,26.98877777777778,232.52,72.14311111111111,18.212444444444447,26.437768595041323,245.79,71.10727272727273,18.166280991735537,25.965394736842104,245.82,72.62815789473684,18.130394736842106,25.41664835164835,271.75,74.61208791208792,17.9356043956044
22,จันทบุรี,2009,5,1260.0013923051933,27.880999999999997,170.26,78.42966666666666,18.26366666666667,27.557049180327866,293.12,77.13442622950822,18.23409836065574,27.355280898876405,299.35,75.21685393258427,18.230449438202246,26.02483333333333,299.47,74.42941666666667,18.404583333333335,25.167218543046356,299.52,75.91311258278147,18.126026490066224,24.88911602209945,350.6,77.87243093922652,17.58458563535911
22,จันทบุรี,2010,5,1232.6405124848031,28.791666666666668,81.39,76.04633333333335,20.30633333333333,28.37508196721312,134.27,73.31639344262294,20.16131147540984,28.048426966292133,181.3,74.32662921348314,19.724044943820225,27.36816666666667,214.85,74.81683333333334,18.977083333333333,26.735761589403975,218.59,75.65781456953641,18.751788079470202,26.26707182320442,233.15,77.06276243093923,18.709723756906076
22,จันทบุรี,2011,5,1328.0017489645068,27.369000000000003,145.95000000000002,78.11999999999998,17.186666666666667,26.73573770491803,255.46,74.72081967213116,16.894918032786883,26.614382022471908,290.29,74.20528089887641,16.90247191011236,25.878666666666668,290.3,72.18433333333333,17.39125,25.433509933774836,302.68,74.08986754966887,17.246026490066228,25.167679558011052,311.03,76.21337016574586,17.06486187845304
22,จันทบุรี,2012,5,1231.9988048999103,27.896333333333327,43.370000000000005,77.20499999999998,18.834333333333333,27.59901639344262,106.69,76.77081967213114,18.97754098360656,27.283,162.09,76.60000000000001,18.602555555555554,26.66628099173554,206.04,77.03537190082645,17.757438016528926,25.77078947368421,206.74,77.25717105263158,17.5625,25.584670329670338,231.87,78.67543956043957,17.619890109890108
22,จันทบุรี,2013,5,1344.0006243096575,27.996666666666666,147.82,78.54400000000001,17.987000000000002,28.078524590163934,186.14000000000001,75.84901639344264,18.676885245901637,27.51921348314607,207.39000000000001,76.49842696629213,18.29685393258427,26.698416666666667,267.68,76.93058333333335,17.93025,26.384437086092717,269.33,77.66165562913908,17.95635761589404,26.30900552486188,420.01,79.17917127071823,17.631381215469613
22,จันทบุรี,2014,5,1436.2387055413394,28.816333333333333,53.62,71.86166666666668,19.094666666666665,28.18655737704918,123.63,73.50868852459016,19.18180327868852,27.354044943820224,141.18,74.20348314606741,18.60191011235955,25.975666666666665,141.18,73.02866666666665,18.725833333333334,24.897218543046353,147.56,74.50801324503311,18.382450331125828,24.8892817679558,221.97,76.65751381215469,18.02806629834254
22,จันทบุรี,2015,5,1387.7177757760837,28.712333333333337,57.12,71.26466666666667,19.238999999999997,28.24573770491803,102.67999999999999,72.8137704918033,18.58868852459016,27.4538202247191,133.64,72.13741573033708,18.602471910112357,26.369000000000003,138.83,72.08250000000001,18.635666666666665,25.683245033112584,150.73,73.67377483443708,18.328079470198674,25.659171270718236,224.94,75.77640883977901,18.179944751381214
22,จันทบุรี,2016,5,1094.3146358986457,30.255666666666666,21.099999999999998,66.25066666666667,21.325333333333337,29.348524590163933,39.95,68.05196721311475,20.491803278688526,28.232000000000003,45.93,66.74222222222221,20.261111111111113,27.4601652892562,95.9,69.54661157024793,19.33677685950413,26.953355263157892,118.92,71.56960526315788,18.969013157894736,26.760879120879117,200.17,74.02653846153845,18.756043956043957
22,จันทบุรี,2017,5,1622.4677716390424,27.699999999999996,100.67,78.97633333333332,19.646,27.418360655737704,201.72,77.85360655737705,19.272459016393444,26.80191011235955,223.04999999999998,75.74022471910112,19.437640449438202,26.217333333333332,291.08,76.72308333333334,18.836166666666667,25.66437086092715,295.40999999999997,78.09695364238411,18.08066225165563,25.609558011049725,393.55,79.79955801104973,17.752265193370167
22,จันทบุรี,2018,5,1509.5797559873474,27.200666666666667,171.35999999999999,80.37200000000001,18.267000000000003,27.089344262295086,284.05,78.98442622950819,18.20393442622951,26.410224719101127,308.3,77.60179775280899,18.21808988764045,25.92366666666667,375.83,78.33525,17.66283333333333,25.371258278145696,388.90999999999997,79.02145695364237,17.416821192052982,25.265690607734808,469.92,80.65248618784531,16.88309392265193
22,จันทบุรี,2019,5,1751.2007548950223,28.468999999999994,87.46000000000001,77.99699999999999,20.853666666666665,28.128032786885242,165.27,75.85639344262293,20.27016393442623,27.849550561797756,175.27,75.59067415730338,19.787303370786514,27.17891666666667,177.87,74.4915,19.2855,26.821655629139073,199.38,75.4005298013245,18.813841059602648,26.56110497237569,242.01000000000002,76.9503867403315,18.63828729281768
22,จันทบุรี,2020,5,1928.5329623479784,28.24366666666667,148.78,76.50499999999998,18.677999999999997,28.436065573770495,219.4,74.43147540983605,19.26065573770492,27.971333333333334,235.79999999999998,71.55711111111111,19.369666666666667,27.597107438016533,251.29,71.82809917355372,19.122231404958676,26.867105263157896,252.14,72.35973684210526,19.095065789473686,26.571703296703298,280.21999999999997,73.93054945054945,18.896813186813187
22,จันทบุรี,2021,5,1842.8039691808733,27.048000000000002,240.28,84.80833333333334,17.821,27.330491803278687,341.54,80.91852459016393,18.646229508196722,26.944606741573036,391.16,77.35123595505617,19.09820224719101,25.974749999999997,391.56,75.94308333333332,19.002999999999997,25.407615894039733,404.12,77.35370860927152,18.596225165562913,25.31088397790055,455.29,79.11441988950276,18.331381215469612
22,จันทบุรี,2022,5,2194.3960125473895,27.403666666666666,99.73,77.29533333333332,19.002,27.303606557377048,201.86,79.59704918032786,18.4155737704918,26.724494382022467,328.62,79.70617977528089,18.232808988764045,26.252833333333335,349.44,79.22374999999998,18.250083333333336,25.49476821192053,354.36,80.0235761589404,18.024370860927153,25.39906077348066,422.5,81.47441988950276,17.652154696132598
22,จันทบุรี,2023,5,1967.7139975442906,28.871666666666663,103.37,75.63533333333334,18.60466666666667,28.232622950819668,118.03,73.13196721311475,19.93327868852459,27.59314606741573,169.5,72.91730337078653,19.702359550561802,26.52325,175.17000000000002,73.30825000000002,19.050166666666662,25.770596026490065,177.25,75.06649006622517,18.772649006622515,25.633259668508288,332.32,77.32193370165746,18.29
22,จันทบุรี,2024,5,1519.5835718132034,30.77166666666667,7.3500000000000005,68.40933333333334,21.355999999999998,29.774590163934423,65.9,71.36606557377048,19.62393442622951,29.093777777777778,93.44,72.26122222222223,19.323,28.29140495867769,95.71,72.33256198347107,19.075123966942147,27.62625,103.69,73.98368421052632,18.670921052631577,27.224670329670328,164.35,76.15615384615384,18.373846153846152
22,จันทบุรี,2025,5,1713.7247196196295,27.925333333333334,146.05,80.07166666666666,18.189666666666668,27.841475409836065,233.56,76.21344262295082,18.702131147540985,27.519101123595508,280.44,74.14999999999999,18.664831460674158,26.44375,281.22,71.77116666666666,18.823916666666666,25.833046357615896,283.71,73.00867549668875,18.403841059602644,25.75480662983426,329.71,75.23292817679558,18.26458563535912
33,ศรีสะเกษ,1997,6,1195.6815114709852,29.020645161290325,194.52,71.50096774193547,21.125806451612902,29.324426229508198,298.17,66.6616393442623,21.325081967213112,29.69380434782609,340.81,59.47695652173913,21.326413043478258,29.02725,353.09,59.18016666666667,20.6285,28.039271523178808,353.9,59.26576158940398,20.379139072847682,27.01714285714286,353.91,62.00983516483517,19.949395604395605
33,ศรีสะเกษ,1998,6,1192.8374655647383,31.311290322580643,172.10999999999999,64.10645161290323,21.66483870967742,32.16918032786886,243.64,56.4455737704918,21.32,32.30923913043478,250.71,51.232173913043475,21.710434782608694,31.82091666666667,278.25,50.66791666666666,21.263416666666668,31.076754966887417,279.52,50.15913907284769,20.98099337748344,30.259725274725277,279.55,51.91615384615385,20.760934065934066
33,ศรีสะเกษ,1999,6,1517.126148705096,26.62483870967742,229.13,86.02935483870968,18.580322580645166,27.463114754098356,383.31,79.8393442622951,18.853934426229507,28.525217391304345,477.88,71.64065217391304,19.2754347826087,28.216500000000003,485.57,66.87658333333333,19.582333333333334,27.562251655629137,491.09,65.59264900662251,19.306887417218544,26.906043956043955,493.94,66.46675824175824,18.933186813186815
33,ศรีสะเกษ,2000,6,1509.0556274256146,26.969354838709673,327.64,86.84064516129033,19.49483870967742,27.77393442622951,562.06,80.142131147541,19.54590163934426,28.561304347826084,574.25,70.16380434782607,19.91021739130435,27.945123966942145,610.08,67.1099173553719,19.892148760330578,27.401776315789473,624.64,66.14434210526316,19.543486842105263,26.160874316939893,626.57,67.74994535519124,19.143005464480876
33,ศรีสะเกษ,2001,6,1063.8578011849902,28.510967741935485,177.19,76.27032258064516,20.348387096774193,29.825409836065575,209.57,67.96131147540984,21.44803278688525,29.515434782608697,300.61,65.49021739130436,20.538478260869564,29.14966666666667,307.51,61.76483333333333,20.367083333333333,28.741324503311255,308.96999999999997,60.861920529801324,19.729470198675497,28.062307692307694,309.09,62.00038461538461,19.368296703296703
33,ศรีสะเกษ,2002,6,1098.7045033929674,28.699677419354835,149.44,74.37225806451613,20.473225806451612,29.812950819672125,229.25,65.63754098360654,20.896065573770496,30.156739130434783,254.07,59.84195652173913,20.665217391304346,29.61075,259.63,57.915749999999996,20.612833333333338,28.44046357615894,259.67,59.20556291390729,20.304172185430463,27.337637362637356,260.07,62.79153846153846,19.837802197802194
33,ศรีสะเกษ,2003,6,854.9618320610687,29.037419354838708,193.42,73.45967741935483,21.720000000000002,29.75754098360656,270.95,67.82196721311476,21.320491803278692,29.54108695652174,379.01,64.54554347826087,20.828478260869566,29.291083333333336,407.09,61.491916666666675,20.406083333333335,28.29039735099338,407.09,60.33854304635761,20.09781456953642,27.885164835164836,423.05,61.754065934065935,19.61131868131868
33,ศรีสะเกษ,2004,6,537.9782981153627,28.619999999999997,194.64,75.61064516129034,20.66709677419355,30.168360655737704,261.66,64.79786885245902,20.93459016393443,30.450434782608703,282.42,58.09195652173912,20.4395652173913,29.348595041322312,309.03,58.01528925619834,19.882727272727273,28.53828947368421,342.44,58.03118421052633,19.486842105263158,27.747650273224046,342.58,58.57885245901638,19.23049180327869
33,ศรีสะเกษ,2005,6,449.936628643853,30.036451612903225,145.36,68.89548387096775,20.911935483870973,30.43459016393442,214.11,63.66770491803279,20.0544262295082,30.061086956521738,237.61,58.29478260869566,19.695434782608697,30.05708333333333,238.21,54.45216666666667,19.693916666666667,29.158675496688737,238.83,53.435430463576154,19.446225165562915,28.433571428571426,238.83,53.29115384615385,19.350054945054946
33,ศรีสะเกษ,2006,6,386.25715773034875,28.353548387096776,124.85000000000001,72.85774193548387,20.796774193548384,28.980655737704918,273.99,69.13983606557376,20.261967213114758,29.34391304347826,315.93,63.44217391304347,20.089021739130434,29.23575,321.77,60.17316666666667,20.042083333333334,28.516291390728473,321.89,58.52847682119205,19.869867549668875,27.681153846153848,324.04,59.67247252747252,19.27758241758242
33,ศรีสะเกษ,2007,6,582.014987510408,27.620322580645162,244.65,81.36677419354838,19.410967741935483,29.1144262295082,307.21999999999997,68.3516393442623,20.14327868852459,29.40989130434783,361.71,64.68836956521739,19.9025,29.23,377.36,60.23283333333333,19.838250000000002,28.346158940397356,377.83,58.942715231788085,19.751788079470202,27.667582417582416,377.85,59.76554945054946,19.53978021978022
33,ศรีสะเกษ,2008,6,618.9655172413793,27.307096774193543,277.03,80.6083870967742,18.541612903225804,29.018688524590157,331.55,69.28065573770492,19.757377049180324,29.18576086956523,364.9,62.51391304347825,19.858804347826084,28.12206611570248,367.06,60.07603305785124,19.750330578512397,27.48578947368421,367.32,58.86243421052632,19.58440789473684,27.08213114754098,367.32,60.381475409836064,19.402841530054648
33,ศรีสะเกษ,2009,6,517.3913043478261,28.026129032258062,147.33,76.79129032258065,19.87129032258065,28.680655737704917,296.3,72.0522950819672,19.897704918032787,29.14260869565217,381.99,65.86652173913043,19.823369565217394,29.208666666666666,387.28000000000003,61.32658333333333,19.694916666666664,27.88086092715232,387.33,60.519602649006615,19.66529801324503,26.993241758241762,391.5,62.28956043956045,19.224175824175827
33,ศรีสะเกษ,2010,6,603.8461538461538,29.88258064516129,141.2,70.87838709677419,21.131612903225804,30.741475409836067,208.72,63.66737704918033,21.05131147540984,30.73380434782609,219.81,56.80260869565217,20.923913043478258,30.658666666666665,228.13,54.471666666666664,20.520166666666668,29.89847682119205,247.66,54.680529801324504,20.015562913907285,29.144010989010994,248.76,55.76631868131869,19.767802197802194
33,ศรีสะเกษ,2011,6,833.0781010719755,28.527096774193545,204.38,74.5958064516129,19.147096774193546,29.178360655737702,282.81,66.65196721311476,19.04098360655738,28.535760869565216,297.08,61.19771739130435,19.007391304347824,28.344749999999994,313.32,58.630583333333334,18.957166666666662,27.270860927152317,313.32,58.685960264900665,18.990794701986754,26.76796703296703,313.46999999999997,60.11802197802198,18.814010989010992
33,ศรีสะเกษ,2012,6,816.6144200626959,28.4583870967742,202.5,76.19193548387096,21.06870967741936,29.28573770491803,282.4,68.65147540983607,20.84819672131147,29.558913043478256,306.27,62.68000000000001,20.444565217391304,29.14669421487603,308.91,60.440413223140496,20.248181818181816,28.318026315789474,343.01,61.29888157894737,19.502171052631578,27.241038251366113,343.02,62.90863387978143,19.217704918032787
33,ศรีสะเกษ,2013,6,907.6433121019109,28.97741935483871,206.55,74.70516129032258,20.96709677419355,30.23983606557377,266.75,65.09704918032787,20.553934426229507,30.711630434782606,290.02,58.9804347826087,19.981195652173916,30.551416666666668,293.22,55.69316666666667,20.096416666666663,29.59748344370862,295.98,55.40317880794703,19.83284768211921,29.03274725274725,296.05,56.81884615384616,19.561373626373626
33,ศรีสะเกษ,2014,6,1082.1982151244715,29.97612903225807,108.24,67.71387096774194,22.021290322580647,30.57639344262295,178.07,62.886065573770495,20.754426229508198,30.911304347826093,190.03,57.11391304347826,20.65836956521739,30.02733333333333,190.07,55.359833333333334,20.343083333333333,28.395430463576165,190.07,56.50668874172185,20.26019867549669,27.072142857142858,244.5,59.10379120879121,19.775164835164837
33,ศรีสะเกษ,2015,6,957.4368568755847,30.28225806451613,99.82,65.43774193548387,21.602903225806447,31.02147540983606,142.51,56.68327868852459,21.69901639344262,31.052282608695645,161.69,53.536739130434775,21.05663043478261,30.20175,186.66,53.24316666666667,20.59325,29.01238410596026,186.69,52.477417218543046,20.358410596026488,28.150274725274727,189.38,54.34846153846155,19.939835164835166
33,ศรีสะเกษ,2016,6,717.8329571106095,29.89354838709677,179.75,71.25064516129034,19.371612903225806,31.945081967213117,221.99,57.376721311475414,19.85655737704918,31.76076086956522,222.60999999999999,52.11989130434781,19.870217391304347,30.276859504132233,223.25,50.994214876033055,20.1302479338843,29.566315789473684,250.38,52.10578947368421,19.34894736842105,29.090109289617484,250.38,53.37683060109289,19.19737704918033
33,ศรีสะเกษ,2017,6,1130.2681992337166,28.099999999999994,331.44,81.42967741935483,19.169999999999998,29.07688524590164,451.1,71.80295081967212,20.28377049180328,29.163586956521737,513.25,66.675,20.021195652173912,28.462583333333335,514.64,63.82658333333333,20.179666666666666,27.867350993377478,517.96,64.05033112582782,19.846887417218543,27.06098901098901,525.6,66.8021978021978,19.21967032967033
33,ศรีสะเกษ,2018,6,1457.7218728162125,28.769032258064513,182.43,74.09806451612901,19.911290322580644,29.085573770491802,250.89,68.08081967213114,19.634590163934426,28.925108695652174,343.55,65.23521739130435,19.324021739130433,28.31575,346.91,61.863749999999996,19.47458333333333,27.792516556291393,352.4,61.57423841059603,18.983509933774837,27.015824175824175,353.65,63.394999999999996,18.717692307692307
33,ศรีสะเกษ,2019,6,1105.8944482522274,29.18870967741935,208.16,75.35387096774193,20.047096774193548,30.164590163934427,291.79,68.45196721311476,20.576229508196725,30.75782608695652,311.97,60.68608695652174,19.868152173913046,30.790166666666668,316.31,56.51058333333334,19.78275,29.88384105960265,316.31,56.35735099337748,19.698079470198675,29.297087912087914,326.83,58.118021978021986,19.343736263736265
33,ศรีสะเกษ,2020,6,1158.008658008658,30.065483870967743,183.54999999999998,70.9667741935484,19.54258064516129,30.04,244.68,65.34409836065575,19.789180327868852,30.77326086956522,257.93,58.81391304347827,19.651521739130438,30.11115702479339,257.98,55.82090909090909,19.95644628099173,29.574276315789472,258.67,55.03125,19.77986842105263,28.764918032786884,258.79,56.15087431693989,19.592622950819674
33,ศรีสะเกษ,2021,6,1337.9446640316205,28.449677419354835,177.98,80.38806451612903,20.813548387096777,29.26868852459016,324.77,72.18672131147541,19.781147540983607,30.01271739130435,340.42,63.55576086956522,20.011304347826087,29.157416666666666,364.46,61.37283333333333,20.280416666666667,27.80119205298013,364.46,61.61768211920529,20.151324503311262,26.870549450549454,364.69,64.4745054945055,19.70620879120879
33,ศรีสะเกษ,2022,6,1347.7905073649754,26.423548387096773,352.93,85.71225806451613,17.320967741935487,26.90639344262295,472.81,78.59377049180328,18.410163934426226,27.728260869565222,584.73,73.26489130434783,18.874347826086954,27.30616666666667,624.85,70.71658333333333,18.8045,26.995562913907285,636.22,69.26231788079471,18.86496688741722,26.12313186813187,639.33,70.95456043956044,18.696868131868133
33,ศรีสะเกษ,2023,6,1269.1893186444738,30.72322580645161,149.16,66.24258064516127,20.270967741935483,31.37196721311475,221.98,60.582131147540984,19.989672131147543,31.018369565217387,224.9,55.8920652173913,20.43641304347826,30.259083333333333,228.02,55.66158333333333,20.40491666666667,28.719668874172186,253.0,57.94543046357615,19.809139072847685,27.587417582417583,278.76,60.99236263736264,19.52956043956044
33,ศรีสะเกษ,2024,6,1067.8949164107812,30.14548387096774,333.8,73.72322580645161,17.96225806451613,32.92918032786885,342.59,56.97409836065574,19.72770491803278,32.4429347826087,361.33,54.40760869565217,19.51141304347826,31.94297520661157,363.21,52.43958677685951,19.624214876033065,30.870855263157893,363.21,53.49888157894737,19.6175,29.90196721311475,364.47,56.64868852459017,19.37426229508197
33,ศรีสะเกษ,2025,6,1370.8643430845184,30.281290322580645,276.26,67.90096774193547,18.112903225806452,30.993934426229508,302.59,59.51311475409835,19.451475409836064,30.671413043478264,318.84,55.54728260869565,19.545,30.00541666666667,319.13,53.93558333333333,19.759249999999998,28.588344370860924,319.13,54.534039735099334,19.76298013245033,27.81016483516484,319.22,56.62725274725275,19.4189010989011
53,อุตรดิตถ์,1997,7,534.0025906735751,27.354666666666667,60.08,72.69966666666667,21.329000000000008,27.65950819672131,158.63,70.73983606557377,21.794918032786885,27.41824175824176,241.88,67.879010989011,22.443296703296703,27.18,292.33,64.75631147540985,22.105737704918035,26.409933333333335,293.03000000000003,63.482066666666675,21.7264,25.33049723756906,293.19,64.55099447513813,20.920662983425416
53,อุตรดิตถ์,1998,7,442.98552440402517,27.668,168.84,76.79466666666667,20.59566666666667,28.009999999999994,310.15,74.09573770491804,21.451475409836068,28.31626373626374,400.65,68.83175824175824,22.50868131868132,28.282131147540984,425.1,63.51532786885246,22.470819672131146,27.70933333333333,429.12,60.92779999999999,22.092933333333335,26.91033149171271,432.1,60.41574585635359,21.394475138121546
53,อุตรดิตถ์,1999,7,514.9763531266422,25.11766666666667,148.03,86.33,17.11433333333333,25.151639344262296,392.45,84.86147540983607,17.596229508196725,25.63417582417582,548.42,81.4379120879121,17.925494505494505,26.12795081967213,570.6899999999999,72.95016393442621,18.87631147540984,25.770666666666664,580.15,69.43193333333333,18.990199999999998,25.01519337016574,590.47,68.55022099447514,18.711933701657458
53,อุตรดิตถ์,2000,7,718.9886752699499,25.378,182.46,86.58633333333334,16.650333333333336,25.446721311475407,445.83,84.99377049180329,17.676885245901637,26.04219780219781,549.98,80.11978021978022,18.48153846153846,25.92713114754098,563.07,73.56508196721313,19.161803278688527,25.134370860927152,594.66,72.71615894039738,19.06317880794702,24.368076923076927,594.7,72.19032967032966,18.979560439560437
53,อุตรดิตถ์,2001,7,815.9788999395571,25.454000000000004,131.49,85.31799999999998,18.923333333333332,25.59819672131147,375.83,84.31393442622952,18.70393442622951,26.775604395604393,403.97,76.92736263736263,20.136043956043956,26.34770491803279,543.35,75.71008196721311,19.302786885245897,25.775399999999998,543.72,73.13466666666667,19.100666666666662,25.04453038674033,547.59,73.16591160220995,18.606077348066297
53,อุตรดิตถ์,2002,7,706.0190307590175,25.919666666666668,89.67,83.62366666666667,19.337666666666667,26.32032786885246,341.98,80.7383606557377,19.817049180327867,27.00725274725275,371.53,73.15615384615384,20.623296703296703,26.87,394.24,69.52344262295082,20.19844262295082,26.236933333333333,395.87,68.84206666666667,19.826866666666664,25.05513812154696,404.32,69.81458563535911,19.281491712707183
53,อุตรดิตถ์,2003,7,523.9823109196054,25.994666666666664,191.82,81.75466666666667,16.912666666666663,27.318196721311477,310.34,74.60180327868852,19.456557377049176,27.979670329670334,350.44,68.9101098901099,20.693406593406593,27.213688524590165,406.24,67.94991803278688,20.412622950819674,26.567866666666667,413.99,66.73726666666667,20.221200000000003,25.333204419889505,421.61,67.83215469613259,19.62232044198895
53,อุตรดิตถ์,2004,7,556.982432732933,25.792666666666662,278.83,82.59866666666667,17.426333333333336,26.24885245901639,484.98,80.32,18.385573770491803,27.19527472527472,550.98,72.28516483516484,19.60879120879121,27.22008196721312,554.29,66.16459016393442,19.633688524590163,26.3158940397351,577.38,64.94735099337748,19.26973509933775,25.530274725274726,580.26,64.38521978021978,18.887527472527474
53,อุตรดิตถ์,2005,7,577.9892201077989,25.964333333333332,205.16,84.09500000000001,17.037333333333336,26.888196721311477,319.44,77.52573770491804,18.813114754098358,27.236263736263737,406.05,72.8087912087912,19.695164835164835,26.924918032786888,424.77,67.58803278688525,19.392704918032784,26.713733333333334,426.68,64.21706666666668,19.215133333333334,25.756243093922656,438.23,63.694530386740325,18.762983425414365
53,อุตรดิตถ์,2006,7,531.0095296335933,26.073666666666675,139.8,83.23666666666668,19.28933333333333,26.194426229508196,430.61,79.95163934426229,18.312459016393447,26.565274725274726,562.9300000000001,76.20131868131868,18.9621978021978,26.794590163934423,592.9,71.04770491803279,19.291639344262297,26.36806666666666,605.87,69.11226666666667,19.058533333333333,25.414254143646406,605.87,67.49795580110498,19.083591160220994
53,อุตรดิตถ์,2007,7,559.9713569638382,26.71233333333333,150.94,80.10633333333334,19.779666666666667,26.217377049180328,389.38,80.55508196721313,18.463278688524593,26.64384615384615,467.15999999999997,74.71945054945056,19.164835164835164,26.72147540983607,477.55,68.62245901639345,19.24,26.208066666666667,482.73,65.91406666666667,19.166133333333335,25.164917127071824,482.73,65.65469613259668,18.945359116022097
53,อุตรดิตถ์,2008,7,583.9751472396608,25.673,192.1,82.00399999999999,18.058000000000003,25.827868852459016,305.72,79.47098360655735,17.940983606557378,26.480879120879123,404.08,74.82208791208791,18.510879120879117,26.58295081967213,423.53,68.91278688524591,18.866311475409834,25.57066225165563,455.55,67.85006622516556,18.47337748344371,24.872032967032972,473.11,66.12807692307692,18.337692307692304
53,อุตรดิตถ์,2009,7,521.9796561775029,25.360000000000007,191.98,84.41233333333335,17.293333333333333,26.236393442622948,366.0,79.0111475409836,18.338688524590165,26.799780219780217,457.22,74.52494505494506,18.924175824175826,26.762950819672128,487.86,69.7032786885246,18.931311475409835,26.598866666666666,490.13,66.89220000000002,18.917733333333334,25.31745856353591,490.13,66.38414364640883,18.804585635359118
53,อุตรดิตถ์,2010,7,545.9747323097841,27.70933333333333,119.8,73.86566666666666,20.055333333333337,28.589344262295082,206.32,69.67540983606557,20.772131147540986,29.276593406593406,236.88,62.329890109890115,21.325164835164838,28.786967213114753,245.93,58.131475409836064,20.95975409836066,28.264200000000002,247.13,56.394533333333335,20.618266666666667,27.38088397790055,271.54,58.087237569060775,19.70475138121547
53,อุตรดิตถ์,2011,7,428.9991938270183,25.050666666666665,194.29,86.59266666666666,15.975666666666667,25.309508196721314,417.47,85.30213114754098,17.06344262295082,25.690549450549458,576.45,80.3798901098901,18.03,24.988688524590163,677.08,77.45262295081969,17.773688524590163,24.831599999999998,682.42,74.40886666666668,17.924799999999998,23.848950276243094,684.3100000000001,73.86850828729283,17.79171270718232
53,อุตรดิตถ์,2012,7,588.9775795281137,25.366666666666667,94.96,85.54633333333337,16.960333333333335,25.856229508196726,417.42,83.90573770491802,18.282950819672127,26.30626373626374,507.15,79.30604395604395,19.65395604395604,25.942786885245905,545.99,75.86000000000001,19.45598360655738,25.418079470198677,548.92,74.33649006622517,19.291192052980133,24.53818681318682,555.35,74.90648351648352,18.68697802197802
53,อุตรดิตถ์,2013,7,622.9935678275482,26.33033333333334,142.57,78.38699999999999,17.86933333333333,26.982622950819675,243.45,75.10475409836063,19.972295081967207,27.652197802197808,318.83,69.31373626373626,20.44032967032967,27.517377049180325,329.34,64.44491803278687,20.340327868852455,27.130533333333332,342.15,63.71300000000001,20.180533333333337,26.180939226519335,372.75,64.41756906077347,19.471049723756906
53,อุตรดิตถ์,2014,7,603.036303630363,26.247999999999998,157.68,82.75133333333333,18.186333333333337,26.912459016393445,334.62,78.99393442622952,19.83540983606557,27.374615384615385,414.46999999999997,73.99043956043955,20.08868131868132,27.302950819672127,432.96999999999997,68.65114754098362,20.11450819672131,26.61726666666667,435.08,66.32233333333332,19.866066666666665,25.285801104972375,435.1,66.33259668508286,19.66453038674033
53,อุตรดิตถ์,2015,7,533.676909114482,27.71,67.9,70.865,20.534333333333333,28.263934426229508,131.59,68.71737704918033,20.992295081967214,28.218791208791206,210.42,65.13593406593408,21.17098901098901,28.079016393442622,238.25,62.514508196721316,20.59532786885246,27.264066666666672,250.49,61.80473333333334,20.1972,25.98939226519337,291.48,62.260165745856355,19.66232044198895
53,อุตรดิตถ์,2016,7,241.56943197845877,26.27033333333333,174.85,81.11333333333332,18.423999999999996,27.518196721311472,344.46,74.38819672131147,19.750655737704914,28.858021978021974,373.4,64.68483516483518,20.375384615384615,28.609426229508195,374.33,59.47959016393442,20.17901639344262,27.375099337748342,375.37,57.713112582781456,20.06145695364238,26.34912087912088,419.08,57.85219780219779,19.240274725274727
53,อุตรดิตถ์,2017,7,923.234129518457,25.672333333333334,133.72,85.36500000000001,18.587000000000003,25.98786885245902,385.51,83.29885245901639,18.90590163934426,26.220659340659335,500.21,78.99131868131869,19.74934065934066,26.32696721311475,543.71,74.17622950819671,20.14229508196721,25.553266666666666,544.74,72.3398,20.30933333333334,24.8032044198895,577.72,73.70662983425413,19.53060773480663
53,อุตรดิตถ์,2018,7,960.3102333029799,25.380666666666663,154.2,85.27999999999999,17.196666666666665,25.71180327868852,349.41,83.90754098360655,18.77770491803279,25.811098901098894,488.18,80.42868131868133,19.403626373626377,25.52655737704918,513.81,76.93762295081967,19.35213114754098,24.7718,548.87,76.3062,19.104266666666668,24.04397790055248,568.37,76.57552486187846,18.64839779005525
53,อุตรดิตถ์,2019,7,648.0971705877345,26.79866666666667,114.27,80.772,19.77733333333334,27.72524590163934,250.75,75.57885245901642,19.767377049180332,28.66131868131868,287.37,68.25725274725275,20.89208791208791,28.380327868852454,293.54,64.41737704918032,20.81598360655738,27.712466666666668,309.28,63.83253333333333,20.50326666666667,26.538121546961325,335.63,66.29674033149172,19.791823204419888
53,อุตรดิตถ์,2020,7,559.5888039628219,26.26966666666666,167.84,83.73433333333335,19.980000000000008,27.367868852459015,323.53,77.62475409836067,21.121311475409833,27.55483516483516,430.82,71.70868131868131,20.82736263736264,27.67090163934426,451.7,67.16049180327869,20.467622950819674,26.98801324503311,451.82,64.84278145695365,20.16635761589404,26.38071428571428,451.82,64.66521978021977,19.657472527472528
53,อุตรดิตถ์,2021,7,691.1307491971984,25.608999999999998,144.85,84.86866666666666,18.841666666666672,26.339344262295082,252.49,81.92393442622952,20.21819672131147,26.334615384615383,474.9,80.1708791208791,19.742857142857144,26.53213114754098,492.75,75.22557377049179,19.677459016393446,25.889466666666667,516.37,73.37286666666667,19.757,24.667845303867402,516.81,73.21646408839779,19.475635359116023
53,อุตรดิตถ์,2022,7,798.9996340124436,25.540666666666663,84.7,84.60866666666668,19.596999999999998,25.25180327868852,289.56,83.92131147540984,18.790819672131146,25.565164835164833,376.09,79.43824175824176,19.42021978021978,25.80877049180328,479.46,77.60344262295081,19.57877049180328,24.921133333333334,549.79,77.32053333333333,19.118533333333332,24.256740331491713,567.07,76.94696132596684,18.960441988950276
53,อุตรดิตถ์,2023,7,850.0169090294218,26.841,132.60999999999999,78.44166666666666,19.573333333333327,27.880327868852465,248.77,73.74770491803278,20.371147540983607,28.47901098901099,267.06,67.95978021978023,20.504065934065935,27.712131147540983,282.36,67.05737704918033,20.47639344262295,26.760066666666667,284.68,66.99113333333335,20.251000000000005,25.342928176795578,285.58,68.26160220994475,19.928729281767954
53,อุตรดิตถ์,2024,7,806.0641951912827,26.374666666666666,167.19,83.996,17.297666666666665,27.61934426229508,431.52,78.37737704918034,18.38311475409836,28.764065934065933,453.02,70.38054945054945,19.696593406593408,28.405491803278686,494.33,67.35762295081966,19.84155737704918,27.734105960264902,494.42,65.32,19.84907284768212,26.7239010989011,509.95,66.52395604395605,19.188736263736264
53,อุตรดิตถ์,2025,7,929.5418345357444,26.146,120.98,83.32733333333334,16.993000000000002,26.699508196721307,410.25,79.87508196721313,17.691967213114754,27.045164835164837,514.39,75.75351648351649,18.57868131868132,26.919918032786885,523.71,70.80811475409834,18.974918032786885,26.15086666666667,547.12,70.06079999999999,18.849733333333333,24.820276243093925,547.53,70.17480662983425,18.819834254143647
84,สุราษฎร์ธานี,1997,8,1353.9805749502673,26.21,290.25,88.86967741935486,15.781935483870969,26.62852459016393,519.42,86.94426229508196,17.274262295081968,26.999891304347823,641.07,84.99652173913043,17.94326086956522,27.146147540983605,745.6800000000001,83.20098360655739,18.807704918032787,27.117908496732024,767.29,81.8324836601307,19.48450980392157,26.955580110497237,827.27,81.93325966850828,19.361104972375692
84,สุราษฎร์ธานี,1998,8,1415.001269449784,26.81096774193549,207.87,87.68193548387097,19.166129032258066,26.93885245901639,478.02,88.02377049180329,18.029836065573775,27.87793478260869,627.35,83.50152173913042,18.29586956521739,28.460163934426227,642.06,79.33852459016393,19.235081967213116,28.33261437908497,649.82,78.23418300653594,19.824313725490196,28.092983425414364,651.8,78.45287292817679,20.06154696132597
84,สุราษฎร์ธานี,1999,8,1185.9961420014213,25.793225806451613,165.72,89.67935483870967,17.21451612903226,25.78573770491803,324.42,89.46491803278688,17.40475409836065,26.082282608695653,551.39,88.67326086956523,17.873478260869568,26.165819672131146,838.54,88.56409836065573,17.79786885245902,26.318366013071895,956.89,87.47307189542484,18.509477124183004,26.158729281767954,1173.43,87.18944751381215,18.475248618784534
84,สุราษฎร์ธานี,2000,8,1386.0029074079569,26.106451612903232,105.02,87.6516129032258,19.132580645161287,26.168852459016392,287.37,87.86819672131148,17.52606557377049,26.408913043478265,480.31,87.49608695652175,17.864347826086952,26.68696721311476,656.35,86.09860655737705,18.216147540983606,26.707908496732024,793.74,85.24830065359477,18.58169934640523,26.516043956043955,860.57,84.78912087912089,18.775219780219782
84,สุราษฎร์ธานี,2001,8,1036.001223207584,26.125161290322584,216.18,89.52935483870968,19.097096774193552,26.153934426229505,463.36,89.17754098360656,18.17196721311476,26.354782608695647,682.6899999999999,89.24000000000002,18.138478260869565,26.755819672131143,793.53,87.29049180327868,18.88754098360656,26.66549019607843,1099.94,86.95372549019608,18.9021568627451,26.56375690607735,1126.9,85.96475138121546,19.117458563535912
84,สุราษฎร์ธานี,2002,8,1328.9922564574647,26.794193548387096,135.76,86.57483870967741,19.83645161290323,26.85459016393443,274.22,86.44606557377051,19.272622950819674,27.02815217391305,457.48,85.8645652173913,19.103478260869565,27.21377049180328,563.07,84.31704918032787,19.580491803278687,27.06653594771242,625.5600000000001,83.62607843137255,20.136797385620916,26.746408839779008,626.75,83.57314917127071,20.202044198895027
84,สุราษฎร์ธานี,2003,8,898.0012475252895,26.195806451612903,244.34,88.13806451612903,17.703225806451613,26.62540983606557,402.08,85.93426229508196,18.53327868852459,26.875978260869566,612.83,85.82891304347825,18.124891304347827,27.199180327868852,654.93,83.20016393442624,19.310409836065574,27.18607843137255,732.66,82.82385620915032,19.542679738562093,26.99425414364641,751.61,82.89099447513813,19.576906077348067
84,สุราษฎร์ธานี,2004,8,1136.9929429510316,26.22967741935484,206.89,87.19999999999997,17.711935483870967,26.23655737704918,465.64,87.97786885245901,17.50295081967213,26.65010869565217,673.59,86.66586956521739,17.865543478260868,27.12311475409836,715.5600000000001,84.22557377049179,18.842131147540982,27.098758169934644,804.14,83.48738562091503,19.323594771241833,26.8478021978022,847.69,83.61346153846154,19.3160989010989
84,สุราษฎร์ธานี,2005,8,889.9879695227911,26.43451612903225,221.81,87.78387096774193,16.54612903225806,26.554754098360657,411.18,88.3260655737705,16.781475409836066,27.05467391304348,602.16,85.98586956521739,17.576521739130435,27.594918032786886,623.24,82.15286885245902,18.737786885245903,27.465555555555557,692.03,81.14431372549018,19.35156862745098,27.266795580110497,693.01,80.79933701657458,19.723701657458562
84,สุราษฎร์ธานี,2006,8,918.0093591503909,26.01967741935484,181.26,90.07096774193548,16.04290322580645,26.200327868852455,417.6,89.30327868852459,17.147377049180328,26.563478260869566,672.98,87.74195652173914,17.152717391304346,26.8744262295082,778.84,86.01098360655739,17.93672131147541,26.854575163398692,847.3,85.24692810457516,18.536601307189542,26.708508287292815,967.3,85.33922651933702,18.499834254143643
84,สุราษฎร์ธานี,2007,8,1049.9931815082505,26.31129032258065,234.98,88.21225806451612,15.64806451612903,26.660983606557377,428.88,87.76770491803279,16.935901639344262,26.838369565217388,673.23,87.25891304347826,17.206195652173914,27.108360655737705,797.86,85.30680327868853,17.96245901639344,27.138823529411763,867.5,83.63869281045751,18.65718954248366,26.86624309392265,875.94,83.26795580110497,19.0492817679558
84,สุราษฎร์ธานี,2008,8,1002.994572337638,25.974516129032263,169.39,88.04548387096776,17.045161290322582,26.243114754098364,403.58,87.57885245901642,16.850491803278686,26.312934782608696,688.49,87.61326086956522,17.18608695652174,26.646803278688523,831.4,85.61819672131148,17.724426229508193,26.579150326797386,907.53,85.03751633986928,18.31156862745098,26.3843956043956,954.21,84.81967032967033,18.242802197802195
84,สุราษฎร์ธานี,2009,8,1173.0144287014168,26.340967741935486,227.29,88.53870967741938,17.042258064516126,26.503934426229502,365.63,88.4667213114754,18.170655737704923,26.71489130434783,624.63,87.43880434782609,18.0025,26.837459016393442,839.22,87.11795081967215,18.36795081967213,26.868366013071892,980.82,85.87653594771241,18.878431372549016,26.705248618784534,984.85,85.2811049723757,19.106243093922654
84,สุราษฎร์ธานี,2010,8,1037.9939209726444,26.481935483870966,249.2,86.96064516129032,17.80838709677419,26.705081967213115,492.1,87.15163934426229,17.822131147540983,27.56728260869565,649.57,83.65467391304347,18.39695652173913,28.0316393442623,686.54,80.62762295081967,19.31237704918033,27.964901960784314,726.92,79.59189542483661,19.70686274509804,27.72193370165746,740.91,79.81933701657458,19.92806629834254
84,สุราษฎร์ธานี,2011,8,741.998737079996,26.06354838709678,235.77,88.34064516129034,17.228387096774192,26.268196721311472,391.8,88.7711475409836,17.49590163934426,26.509021739130436,571.0600000000001,88.14945652173913,18.255326086956522,26.596639344262293,643.43,87.02024590163936,19.01909836065574,26.503137254901965,1489.59,86.85307189542483,18.155490196078432,26.371767955801104,1526.22,86.49226519337016,18.383922651933702
84,สุราษฎร์ธานี,2012,8,1167.013295699324,26.06516129032259,182.57,88.89903225806451,18.542903225806448,26.18868852459016,450.56,88.89655737704918,18.36032786885246,26.348695652173923,685.05,88.80934782608696,18.503260869565217,26.65090163934426,854.04,87.41467213114754,18.82467213114754,26.777647058823526,986.42,85.9335294117647,19.207712418300652,26.67456043956044,1053.91,85.5976923076923,19.31291208791209
84,สุราษฎร์ธานี,2013,8,1282.0184221065279,25.777741935483874,369.48,88.26096774193549,16.477096774193548,26.1288524590164,619.1,88.55409836065573,16.781803278688525,26.579565217391302,850.59,87.47945652173912,17.42815217391304,26.925163934426234,1046.31,85.80852459016393,17.874262295081966,27.08823529411765,1062.5,84.18738562091504,18.804444444444442,26.905801104972376,1118.93,84.22895027624308,18.67977900552486
84,สุราษฎร์ธานี,2014,8,1219.8473282442749,26.40903225806451,241.28,87.41677419354839,16.43806451612903,26.831803278688525,481.82,86.92131147540985,16.95655737704918,27.43163043478261,691.88,84.44032608695652,17.976304347826087,27.898196721311475,779.43,81.25918032786885,18.8694262295082,27.665751633986932,792.89,80.35588235294115,19.757320261437908,27.276906077348066,793.79,80.21635359116021,20.117513812154698
84,สุราษฎร์ธานี,2015,8,1212.099156569765,26.860967741935486,222.1,85.59870967741936,18.231935483870966,27.22852459016394,353.86,83.97852459016394,17.781147540983604,27.62010869565218,530.6,82.79413043478259,18.896195652173915,27.73844262295082,602.7,81.38844262295082,19.202950819672132,27.603594771241827,605.56,80.70450980392157,19.843398692810457,27.205856353591162,613.53,80.8132044198895,20.055690607734807
84,สุราษฎร์ธานี,2016,8,978.2416936195236,26.679032258064517,211.17,86.47290322580643,17.358709677419352,26.72622950819672,442.45,86.98983606557378,17.849180327868854,27.60739130434782,684.62,83.13032608695652,18.231086956521743,28.122213114754096,694.67,79.88836065573771,19.43565573770492,27.968692810457515,700.11,79.48529411764706,20.168758169934637,27.647527472527475,748.35,80.02642857142857,19.889835164835162
84,สุราษฎร์ธานี,2017,8,795.3192439351094,26.15967741935484,189.63,88.59516129032258,17.541935483870965,26.425573770491805,404.6,88.48344262295083,18.044590163934426,26.904999999999994,654.71,87.35902173913043,18.097065217391304,27.085,785.42,86.4160655737705,18.38590163934426,27.08679738562091,867.23,85.17104575163397,19.016143790849675,26.858729281767957,931.54,84.8125414364641,18.98867403314917
84,สุราษฎร์ธานี,2018,8,899.8616579759498,26.212258064516135,249.01,89.23096774193552,16.689677419354833,26.35868852459016,499.78,88.16032786885243,16.84983606557377,27.081413043478264,703.12,85.06097826086955,17.704021739130436,27.248360655737702,897.15,83.89680327868854,18.252131147540982,27.250457516339875,978.89,83.0586274509804,19.075490196078434,26.99060773480663,1000.52,83.01519337016573,19.30613259668508
84,สุราษฎร์ธานี,2019,8,1173.8261738261738,26.91709677419355,189.12,85.7416129032258,19.383548387096774,27.128032786885242,405.79,86.15491803278688,18.672459016393443,27.381413043478258,627.01,85.30836956521738,19.301956521739132,27.841065573770493,673.99,82.55516393442625,19.968524590163934,27.853071895424833,687.69,81.13562091503267,20.458366013071895,27.566961325966854,698.44,81.38348066298343,20.68988950276243
84,สุราษฎร์ธานี,2020,8,961.6520614152855,27.12870967741935,289.24,84.68870967741935,18.618387096774196,27.05983606557377,718.43,85.65049180327868,18.517868852459017,27.56815217391305,893.74,84.03521739130434,18.973695652173912,27.87073770491803,1047.85,81.89327868852459,19.248360655737702,27.92,1050.96,80.01575163398692,20.162287581699346,27.623626373626372,1078.98,80.35203296703297,20.026153846153846
84,สุราษฎร์ธานี,2021,8,1010.0668975456559,26.682258064516127,259.32,87.87774193548388,17.092903225806456,26.814754098360652,396.12,87.32032786885246,18.435409836065574,27.063369565217386,626.47,86.57336956521738,18.569130434782608,27.194918032786884,801.65,85.47188524590163,19.019426229508195,27.138562091503267,889.01,84.3829411764706,19.656797385620916,26.904861878453037,892.46,83.9007182320442,19.979613259668508
84,สุราษฎร์ธานี,2022,8,719.076881872424,26.658387096774195,294.26,88.16354838709677,17.419032258064515,26.822786885245904,455.48,86.97491803278689,18.96934426229508,26.854565217391304,915.32,87.69554347826086,18.11173913043478,27.100737704918032,1178.63,86.40016393442625,18.32524590163934,27.149607843137257,1372.02,85.60117647058823,19.0037908496732,27.016685082872925,1680.99,85.65453038674032,18.59524861878453
84,สุราษฎร์ธานี,2023,8,1033.1888976832165,26.899032258064516,297.99,87.59903225806454,16.203225806451613,27.03344262295082,475.58,87.40213114754101,17.252622950819674,27.509239130434775,695.05,85.78065217391304,18.438478260869566,27.878852459016397,715.24,83.05565573770491,19.160000000000004,27.585163398692814,747.74,82.77738562091503,19.766601307189543,27.31082872928177,796.27,83.0207182320442,19.636629834254148
84,สุราษฎร์ธานี,2024,8,855.6481181253586,27.144193548387094,268.03,86.99193548387095,15.465161290322579,27.557540983606554,471.8,84.80868852459018,16.598852459016392,28.424130434782608,621.03,81.49749999999999,17.324999999999996,28.919344262295084,628.24,78.38286885245903,18.807131147540986,28.73437908496732,639.15,78.30568627450981,19.53908496732026,28.43983516483516,654.95,79.0143956043956,19.790164835164834
84,สุราษฎร์ธานี,2025,8,933.2710716787299,26.813225806451616,123.25,88.89870967741936,18.520967741935483,26.81688524590164,357.18,88.55131147540983,18.41065573770492,27.18467391304348,630.53,87.26554347826087,18.07260869565217,27.39352459016393,783.31,85.94967213114754,18.716803278688523,27.370261437908493,824.07,84.89477124183007,19.20294117647059,27.18038674033149,954.41,84.6335359116022,19.16889502762431
86,ชุมพร,1997,8,1281.9969603463362,25.617096774193552,454.35,90.07935483870968,15.49451612903226,26.16016393442623,662.02,87.06393442622951,16.909016393442624,26.76934782608696,842.6,83.52608695652174,17.488152173913043,27.185000000000002,962.35,79.8722131147541,18.603852459016395,27.509477124183004,979.12,76.35640522875819,19.193071895424836,27.407624309392265,1003.62,75.75116022099448,19.105745856353593
86,ชุมพร,1998,8,1310.0065577280818,26.267419354838708,146.22,88.80806451612902,19.948387096774198,26.452950819672132,415.56,88.68754098360657,18.704426229508197,27.50108695652174,604.01,83.53608695652174,18.79358695652174,28.50475409836066,609.59,76.777131147541,19.60631147540984,28.760849673202614,614.25,73.14967320261438,20.104901960784314,28.76906077348066,615.7,71.81895027624309,20.19977900552486
86,ชุมพร,1999,8,1260.0063673989175,25.502580645161295,301.92,89.56258064516129,17.213870967741936,25.431475409836068,577.38,89.16524590163934,17.116065573770495,25.642500000000002,780.28,88.77869565217391,17.675217391304347,25.77934426229508,1031.33,88.44762295081968,17.72959016393443,26.067254901960787,1140.37,86.10843137254902,18.40267973856209,25.960994475138126,1239.69,85.49270718232044,18.306187845303867
86,ชุมพร,2000,8,1396.0006797711437,25.658709677419356,214.77,88.44483870967741,18.850967741935484,25.631967213114756,510.4,88.96819672131147,17.495245901639343,25.86130434782609,767.74,88.57152173913042,17.82217391304348,26.093606557377047,928.73,87.3655737704918,18.08409836065574,26.285947712418302,1091.23,85.20732026143789,18.40921568627451,26.22554945054945,1166.3,83.58373626373626,18.611703296703297
86,ชุมพร,2001,8,1257.0042089626145,25.68516129032258,245.25,89.89032258064515,18.62129032258065,25.708688524590162,616.17,89.68918032786885,17.628688524590167,25.90336956521739,935.45,89.65521739130433,17.736847826086958,26.33377049180328,1010.7,87.79106557377051,18.417622950819673,26.338431372549024,1344.17,86.87777777777778,18.23437908496732,26.374640883977904,1357.77,84.90983425414365,18.484917127071824
86,ชุมพร,2002,8,1212.0040521575881,26.39903225806452,238.14,87.53967741935483,19.189999999999994,26.276229508196725,443.08,87.6955737704918,18.838852459016397,26.603478260869565,695.9,86.24260869565217,18.75619565217391,27.206803278688525,804.27,82.09934426229508,19.16622950819672,27.44398692810458,851.87,79.37444444444445,19.562091503267975,27.31027624309392,853.32,78.31701657458564,19.564861878453037
86,ชุมพร,2003,8,907.0019293072695,25.656451612903226,206.24,88.60516129032258,17.464516129032262,25.972950819672125,304.4,87.4244262295082,18.346885245901635,26.3629347826087,579.0,86.7045652173913,17.772826086956524,26.988278688524588,638.11,82.65532786885247,19.165901639344263,27.043725490196074,756.18,81.72111111111111,19.19065359477124,26.952707182320434,792.63,81.20220994475139,19.205082872928177
86,ชุมพร,2004,8,1021.0043097016563,25.49516129032258,200.9,89.53064516129031,18.048709677419353,25.74262295081967,506.44,89.04754098360655,17.718524590163934,26.264891304347824,803.16,86.99065217391305,17.61923913043478,27.388934426229515,828.6,80.04950819672132,18.75516393442623,27.617320261437914,871.66,77.42980392156862,19.273267973856207,27.442032967032972,908.72,76.97697802197801,19.222912087912086
86,ชุมพร,2005,8,826.0034966925614,25.982580645161292,295.23,88.95032258064518,15.300645161290321,26.16409836065574,584.05,88.84442622950819,16.220983606557375,26.795869565217394,712.63,85.41782608695652,17.410978260869566,27.769508196721308,740.85,79.27762295081968,18.458114754098364,28.00764705882353,761.78,75.95457516339869,19.00483660130719,28.02685082872928,761.9,74.26613259668507,19.369060773480665
86,ชุมพร,2006,8,677.0033551281008,25.784193548387098,411.86,89.481935483871,15.091612903225807,25.884754098360656,625.1,89.20311475409835,16.737377049180328,26.225760869565217,938.49,87.56782608695652,17.048369565217392,26.732622950819668,1007.78,84.26163934426228,17.89918032786885,26.939673202614383,1057.01,82.23359477124183,18.449411764705882,26.870441988950272,1121.65,81.80878453038673,18.430441988950275
86,ชุมพร,2007,8,1175.002639822604,25.869999999999994,406.31,89.3674193548387,15.056129032258065,26.11262295081967,641.28,89.21491803278691,17.05770491803279,26.196413043478262,1030.17,89.09021739130436,16.988152173913047,26.916967213114752,1176.85,84.26696721311474,17.769426229508195,27.3843137254902,1211.43,79.78843137254903,18.54980392156863,27.338011049723757,1215.04,77.75988950276243,18.93342541436464
86,ชุมพร,2008,8,871.9971564556259,25.350322580645162,222.34,89.49806451612903,16.37064516129032,25.58245901639344,560.84,89.64098360655737,16.68262295081967,25.74913043478261,1047.16,89.03304347826086,16.77836956521739,26.452131147540985,1173.99,84.64418032786885,17.516803278688528,26.71986928104575,1222.85,81.88908496732026,18.069607843137256,26.6839010989011,1294.2,80.71302197802198,17.936923076923076
86,ชุมพร,2009,8,1100.0035837155963,25.811290322580653,448.3,90.06516129032258,16.432580645161288,26.029508196721302,811.78,89.79049180327871,17.596229508196725,26.17032608695652,1121.03,89.01532608695652,17.701195652173915,26.44655737704918,1341.09,87.51196721311476,18.15893442622951,26.75176470588235,1440.97,84.34947712418301,18.772745098039213,26.874806629834254,1441.37,81.69552486187845,18.98475138121547
86,ชุมพร,2010,8,605.0024243644049,25.96354838709678,285.51,88.6383870967742,18.237741935483875,26.290819672131143,490.98,87.89688524590163,18.06672131147541,27.335652173913044,693.79,83.16108695652174,18.794891304347825,28.160245901639346,709.44,77.8317213114754,19.7827868852459,28.362941176470592,803.99,75.34261437908495,20.060000000000002,28.277071823204423,812.6,74.52099447513812,20.231546961325964
86,ชุมพร,2011,8,515.0023871607477,25.558064516129022,456.6,89.74225806451612,17.1,25.888196721311473,754.4300000000001,89.42459016393441,16.938688524590162,26.104891304347827,1066.03,88.88815217391304,18.012065217391303,26.26122950819672,1128.84,87.46016393442623,18.877131147540986,26.22359477124183,1586.47,86.29843137254902,18.162287581699346,26.24337016574585,1611.39,84.77668508287294,18.361381215469613
86,ชุมพร,2012,8,1017.9957624374312,25.52806451612903,279.21,89.8541935483871,18.381935483870965,25.77885245901639,721.28,89.36147540983609,18.045573770491803,26.018152173913048,1074.0,88.7720652173913,18.249347826086954,26.37811475409836,1219.12,86.92286885245902,18.699999999999996,26.547712418300655,1301.93,85.02509803921569,19.17529411764706,26.521538461538462,1371.09,84.47362637362637,19.191043956043956
86,ชุมพร,2013,8,1170.995631094807,25.327419354838714,525.03,89.81709677419356,16.123548387096772,25.69754098360656,926.87,89.85262295081968,16.819344262295083,26.093695652173913,1155.61,88.7370652173913,17.683695652173913,26.614836065573773,1351.33,85.51918032786885,18.257786885245903,27.003529411764706,1382.64,82.53738562091505,19.129607843137254,26.902265193370162,1421.55,82.26640883977902,18.78740331491713
86,ชุมพร,2014,8,1204.9156150099252,25.890967741935487,583.5,89.74548387096772,15.830645161290322,26.29,1117.79,89.23229508196724,16.393442622950822,27.02630434782609,1279.28,85.12010869565216,17.930434782608696,27.71393442622951,1353.76,80.36688524590164,18.987622950819674,28.010392156862746,1376.5,76.51928104575164,19.681045751633985,27.81132596685083,1379.52,75.3439226519337,19.912486187845303
86,ชุมพร,2015,8,992.7514273866863,26.24806451612903,327.19,87.95225806451613,17.888064516129035,26.448524590163935,604.8199999999999,86.83606557377048,17.60377049180328,26.875434782608696,764.1,85.24760869565218,18.781195652173913,27.397950819672133,901.41,81.30008196721312,19.06983606557377,27.752810457516343,934.97,77.89379084967321,19.54888888888889,27.530220994475133,937.3,77.0132044198895,19.694917127071825
86,ชุมพร,2016,8,1075.1041257367388,25.97032258064516,337.5,89.0264516129032,16.905161290322578,26.17426229508197,613.75,88.42311475409835,17.327213114754098,27.394891304347826,866.57,82.27858695652174,18.0025,28.21327868852459,879.42,77.49508196721311,19.302704918032784,28.384771241830066,940.35,75.2045751633987,19.888692810457513,28.00406593406594,952.96,75.50686813186815,19.74653846153846
86,ชุมพร,2017,8,872.7456057932488,25.68870967741935,428.41,89.1783870967742,15.94258064516129,26.001639344262294,732.26,88.94868852459015,17.037868852459017,26.460869565217394,1098.72,88.05945652173912,17.1970652173913,26.67254098360656,1223.26,86.66352459016395,17.697049180327866,26.821372549019607,1303.86,84.77627450980393,18.38392156862745,26.61425414364641,1359.83,84.16513812154697,18.588342541436464
86,ชุมพร,2018,8,1051.4398679356798,25.881935483870965,474.65000000000003,89.48096774193552,14.87,25.95344262295082,873.29,88.8255737704918,15.78672131147541,26.415217391304342,1112.79,87.29576086956523,17.231847826086955,26.806065573770496,1360.98,84.75286885245903,17.72532786885246,27.085032679738564,1430.95,82.3559477124183,18.483790849673202,26.920055248618784,1487.94,81.82872928176796,18.592265193370164
86,ชุมพร,2019,8,1759.6383519289375,26.34322580645162,263.68,87.4125806451613,18.723870967741938,26.549344262295083,589.69,88.04508196721312,17.772950819672133,26.808478260869567,872.43,86.7920652173913,18.53326086956522,27.669262295081968,938.15,81.50155737704918,19.457786885245902,27.84627450980392,955.15,79.04816993464051,20.076797385620914,27.623756906077347,985.46,79.25441988950277,20.18950276243094
86,ชุมพร,2020,8,1608.6624047961338,26.100967741935484,318.05,88.02483870967741,18.91483870967742,26.17967213114754,703.76,88.70704918032787,18.320491803278692,27.038804347826083,887.06,85.11999999999999,18.993913043478262,27.676065573770494,1026.3799999999999,80.80516393442623,19.175901639344264,28.10921568627451,1026.47,76.86026143790849,20.01339869281046,27.886263736263732,1103.2,76.61,19.750164835164835
86,ชุมพร,2021,8,1658.3404058328833,26.131612903225808,553.31,89.56290322580645,15.521290322580644,26.246721311475408,800.84,88.7067213114754,17.5327868852459,26.643043478260864,1094.72,87.22282608695653,17.91108695652174,26.87483606557377,1245.08,85.09147540983608,18.4794262295082,27.261372549019608,1263.88,81.35143790849673,18.988366013071893,27.149779005524856,1280.19,80.26646408839778,19.26524861878453
86,ชุมพร,2022,8,1208.6184481426476,26.12161290322581,471.85,89.64870967741936,16.35258064516129,26.103114754098357,686.67,89.41262295081967,18.654262295081967,26.23543478260869,1297.59,89.16260869565217,17.356304347826093,26.461721311475408,1394.35,87.73983606557377,17.822868852459017,26.558235294117647,1563.34,86.91450980392156,18.47764705882353,26.513314917127072,1859.99,86.32828729281766,18.09475138121547
86,ชุมพร,2023,8,1224.117095342881,26.481612903225813,441.02,88.08290322580646,16.199677419354842,26.722295081967207,749.14,87.46967213114753,16.870819672131145,27.47304347826087,914.49,83.62163043478263,18.073478260869564,28.189999999999994,933.3,78.46967213114753,19.000983606557377,28.24424836601307,944.0,76.26385620915033,19.569477124183006,28.001381215469614,1002.56,76.21331491712708,19.532762430939226
86,ชุมพร,2024,8,990.8252868737756,26.411612903225805,455.8,88.8664516129032,15.334516129032258,26.863770491803276,739.42,87.04295081967214,16.093606557377047,27.919782608695655,923.3199999999999,82.2958695652174,17.023804347826086,29.104344262295083,928.42,75.29229508196721,18.63795081967213,29.261176470588236,943.35,73.1826797385621,19.214117647058824,28.990164835164837,974.9399999999999,73.60357142857144,19.31120879120879
86,ชุมพร,2025,8,1158.093655902814,26.48677419354839,260.77,89.54903225806451,16.980967741935483,26.484098360655732,668.57,89.00114754098362,16.902950819672135,26.841521739130435,951.77,87.78391304347826,16.65532608695652,27.165,1123.08,85.44754098360654,17.604918032786884,27.290653594771243,1151.82,83.50477124183006,18.173790849673203,27.15530386740332,1287.53,82.68171270718231,18.06281767955801
