window_months,split,province_code,year_ce,actual_kg_rai,predicted_kg_rai
0,validation,22,2022,2194.3960125473895,1295.4282836819013
0,validation,22,2023,1967.7139975442906,1295.5846895368536
0,validation,33,2022,1347.7905073649754,984.4224589208727
0,validation,33,2023,1269.1893186444738,984.5788647758251
0,validation,53,2022,798.9996340124436,772.3047245501944
0,validation,53,2023,850.0169090294218,772.4611304051466
0,validation,84,2022,719.076881872424,1072.7553862923617
0,validation,84,2023,1033.1888976832165,1072.911792147314
0,validation,86,2022,1208.6184481426476,1086.7242312314886
0,validation,86,2023,1224.117095342881,1086.8806370864409
0,test,22,2024,1519.5835718132034,1295.7410953918059
0,test,22,2025,1713.7247196196295,1295.897501246758
0,test,33,2024,1067.8949164107812,984.7352706307773
0,test,33,2025,1370.8643430845184,984.8916764857296
0,test,53,2024,806.0641951912827,772.6175362600989
0,test,53,2025,929.5418345357444,772.7739421150511
0,test,84,2024,855.6481181253586,1073.0681980022664
0,test,84,2025,933.2710716787299,1073.2246038572187
0,test,86,2024,990.8252868737756,1087.037042941393
0,test,86,2025,1158.093655902814,1087.1934487963454
1,validation,22,2022,2194.3960125473895,1281.7807928789316
1,validation,22,2023,1967.7139975442906,1292.1381346967012
1,validation,33,2022,1347.7905073649754,985.6097579688436
1,validation,33,2023,1269.1893186444738,977.4289091689757
1,validation,53,2022,798.9996340124436,768.6547062480264
1,validation,53,2023,850.0169090294218,768.0985627265637
1,validation,84,2022,719.076881872424,1084.0813180519922
1,validation,84,2023,1033.1888976832165,1076.4022326751233
1,validation,86,2022,1208.6184481426476,1100.8311724901048
1,validation,86,2023,1224.117095342881,1096.1783549096176
1,test,22,2024,1519.5835718132034,1303.7319486593642
1,test,22,2025,1713.7247196196295,1296.1893743300502
1,test,33,2024,1067.8949164107812,994.9352459300751
1,test,33,2025,1370.8643430845184,972.6581725456374
1,test,53,2024,806.0641951912827,767.2567132822599
1,test,53,2025,929.5418345357444,755.6827801520546
1,test,84,2024,855.6481181253586,1069.2455066891484
1,test,84,2025,933.2710716787299,1081.8899695406878
1,test,86,2024,990.8252868737756,1092.8304132216567
1,test,86,2025,1158.093655902814,1091.2859645608612
2,validation,22,2022,2194.3960125473895,1303.8138773739693
2,validation,22,2023,1967.7139975442906,1280.6162101682844
2,validation,33,2022,1347.7905073649754,1007.2547632193647
2,validation,33,2023,1269.1893186444738,954.2655649450679
2,validation,53,2022,798.9996340124436,784.766306208238
2,validation,53,2023,850.0169090294218,753.3194281016866
2,validation,84,2022,719.076881872424,1077.2652036997608
2,validation,84,2023,1033.1888976832165,1085.451512714636
2,validation,86,2022,1208.6184481426476,1096.8987271726087
2,validation,86,2023,1224.117095342881,1099.5260639578516
2,test,22,2024,1519.5835718132034,1278.3967004159622
2,test,22,2025,1713.7247196196295,1294.695335075745
2,test,33,2024,1067.8949164107812,948.161597329808
2,test,33,2025,1370.8643430845184,953.8476677111746
2,test,53,2024,806.0641951912827,775.0971474665171
2,test,53,2025,929.5418345357444,780.7744646371937
2,test,84,2024,855.6481181253586,1081.382525098645
2,test,84,2025,933.2710716787299,1083.4729444030122
2,test,86,2024,990.8252868737756,1101.4881365893962
2,test,86,2025,1158.093655902814,1103.1013046793491
3,validation,22,2022,2194.3960125473895,1322.5353789565866
3,validation,22,2023,1967.7139975442906,1285.9750089533125
3,validation,33,2022,1347.7905073649754,1015.7574924031934
3,validation,33,2023,1269.1893186444738,939.9956232437963
3,validation,53,2022,798.9996340124436,803.6005755795131
3,validation,53,2023,850.0169090294218,744.2741093213668
3,validation,84,2022,719.076881872424,1085.6188903668806
3,validation,84,2023,1033.1888976832165,1080.0080745782402
3,validation,86,2022,1208.6184481426476,1104.8031405425734
3,validation,86,2023,1224.117095342881,1086.0924813648487
3,test,22,2024,1519.5835718132034,1282.4991283231204
3,test,22,2025,1713.7247196196295,1299.3836937527512
3,test,33,2024,1067.8949164107812,934.0543070415235
3,test,33,2025,1370.8643430845184,949.3660911190063
3,test,53,2024,806.0641951912827,753.2826049993998
3,test,53,2025,929.5418345357444,790.6936244998047
3,test,84,2024,855.6481181253586,1078.4557722215902
3,test,84,2025,933.2710716787299,1093.4586434367507
3,test,86,2024,990.8252868737756,1092.2657617103757
3,test,86,2025,1158.093655902814,1118.2514080811407
4,validation,22,2022,2194.3960125473895,1542.0129190207226
4,validation,22,2023,1967.7139975442906,1481.9011560966749
4,validation,33,2022,1347.7905073649754,1102.3589148343985
4,validation,33,2023,1269.1893186444738,902.0205423356452
4,validation,53,2022,798.9996340124436,743.6401377184392
4,validation,53,2023,850.0169090294218,594.749126402144
4,validation,84,2022,719.076881872424,1174.8949435690972
4,validation,84,2023,1033.1888976832165,1107.9628442421385
4,validation,86,2022,1208.6184481426476,1195.4786325561288
4,validation,86,2023,1224.117095342881,1049.8605634575306
4,test,22,2024,1519.5835718132034,1444.6388435263418
4,test,22,2025,1713.7247196196295,1448.328881182172
4,test,33,2024,1067.8949164107812,772.1932386222959
4,test,33,2025,1370.8643430845184,813.6106664115133
4,test,53,2024,806.0641951912827,569.5273185047677
4,test,53,2025,929.5418345357444,547.4342336592874
4,test,84,2024,855.6481181253586,954.8682308185346
4,test,84,2025,933.2710716787299,1129.4975918955502
4,test,86,2024,990.8252868737756,942.2961142068689
4,test,86,2025,1158.093655902814,1068.020858003754
5,validation,22,2022,2194.3960125473895,1551.0101569123376
5,validation,22,2023,1967.7139975442906,1533.8996845344668
5,validation,33,2022,1347.7905073649754,1106.662566094998
5,validation,33,2023,1269.1893186444738,953.2873128922043
5,validation,53,2022,798.9996340124436,814.0711325538548
5,validation,53,2023,850.0169090294218,699.7614335393612
5,validation,84,2022,719.076881872424,1063.218423421038
5,validation,84,2023,1033.1888976832165,1169.032029696536
5,validation,86,2022,1208.6184481426476,1167.831364138951
5,validation,86,2023,1224.117095342881,1085.9077943018142
5,test,22,2024,1519.5835718132034,1491.8617585680406
5,test,22,2025,1713.7247196196295,1409.4613441098825
5,test,33,2024,1067.8949164107812,775.1061801351192
5,test,33,2025,1370.8643430845184,840.4024563840358
5,test,53,2024,806.0641951912827,564.3202578095422
5,test,53,2025,929.5418345357444,562.6810992218913
5,test,84,2024,855.6481181253586,1017.6766081712266
5,test,84,2025,933.2710716787299,1144.2783412473773
5,test,86,2024,990.8252868737756,943.4934703674221
5,test,86,2025,1158.093655902814,1079.8562337343667
6,validation,22,2022,2194.3960125473895,1521.5335083919626
6,validation,22,2023,1967.7139975442906,1488.862345234722
6,validation,33,2022,1347.7905073649754,1143.9680075806668
6,validation,33,2023,1269.1893186444738,992.8242368741963
6,validation,53,2022,798.9996340124436,843.8975434782537
6,validation,53,2023,850.0169090294218,739.5901134643498
6,validation,84,2022,719.076881872424,977.7666318535705
6,validation,84,2023,1033.1888976832165,1135.4525156066115
6,validation,86,2022,1208.6184481426476,1100.1567569893728
6,validation,86,2023,1224.117095342881,1080.3844635960818
6,test,22,2024,1519.5835718132034,1487.3120871549831
6,test,22,2025,1713.7247196196295,1422.6171259411567
6,test,33,2024,1067.8949164107812,835.4185092383575
6,test,33,2025,1370.8643430845184,841.098046375741
6,test,53,2024,806.0641951912827,567.4942269003731
6,test,53,2025,929.5418345357444,622.4828237226802
6,test,84,2024,855.6481181253586,1051.9497469615712
6,test,84,2025,933.2710716787299,1105.7047205816698
6,test,86,2024,990.8252868737756,977.2719661801893
6,test,86,2025,1158.093655902814,1052.116884708795
