window_months,alpha,validation_mae_kg_rai
0,1.0,304.253143077162
0,10.0,303.33023879745735
0,100.0,297.58583013238353
1,1.0,312.33710036616503
1,10.0,307.89715318106244
1,100.0,299.8339302712233
2,1.0,309.93788938326816
2,10.0,301.20383562522386
2,100.0,299.0831918340208
3,1.0,298.7445462220493
3,10.0,298.51213915480275
3,100.0,298.03711807869513
4,1.0,277.94119384624344
4,10.0,285.2966459346011
4,100.0,295.60938872362476
5,1.0,245.8538148305291
5,10.0,267.9742642451831
5,100.0,292.39476051298607
6,1.0,240.0374133855079
6,10.0,258.92045254115635
6,100.0,291.3110202530993
