model,split,province_code,n,mae_tonnes
seasonal_median,validation,ALL,71,18406.014084507042
seasonal_median,validation,22,13,50430.11538461538
seasonal_median,validation,33,8,2041.25
seasonal_median,validation,53,11,4184.136363636364
seasonal_median,validation,84,19,5120.026315789473
seasonal_median,validation,86,20,24579.975
seasonal_median,test,ALL,75,15271.28
seasonal_median,test,22,12,50619.833333333336
seasonal_median,test,33,8,3154.5
seasonal_median,test,53,12,4196.083333333333
seasonal_median,test,84,22,4167.863636363636
seasonal_median,test,86,21,17648.85714285714
ridge_season,validation,ALL,71,17866.534285906386
ridge_season,validation,22,13,48574.640445467696
ridge_season,validation,33,8,1841.7076254861536
ridge_season,validation,53,11,3616.53328310902
ridge_season,validation,84,19,4944.50619326808
ridge_season,validation,86,20,24429.623185904573
ridge_season,test,ALL,75,14685.258376459597
ridge_season,test,22,12,48579.09199437568
ridge_season,test,33,8,2867.665826966934
ridge_season,test,53,12,3569.9146427096216
ridge_season,test,84,22,4091.339322209263
ridge_season,test,86,21,17269.309851671744
ridge_weather,validation,ALL,71,17994.188854769658
ridge_weather,validation,22,13,47947.01634151054
ridge_weather,validation,33,8,2458.0985882772147
ridge_weather,validation,53,11,4093.678388853048
ridge_weather,validation,84,19,5093.647864352864
ridge_weather,validation,86,20,24640.081792135163
ridge_weather,test,ALL,75,15283.822692357553
ridge_weather,test,22,12,47865.561783789926
ridge_weather,test,33,8,3466.298603243129
ridge_weather,test,53,12,4993.128079555833
ridge_weather,test,84,22,5042.607010114498
ridge_weather,test,86,21,17776.889548485873
