model,split,province_code,target_month,actual_tonnes,predicted_tonnes
seasonal_median,validation,22,2022-02,114.0,661.0
seasonal_median,validation,22,2022-03,15850.0,11197.5
seasonal_median,validation,22,2022-04,103308.0,71115.5
seasonal_median,validation,22,2022-05,269903.0,115114.0
seasonal_median,validation,22,2022-06,152341.0,47301.5
seasonal_median,validation,22,2022-07,28621.0,8423.5
seasonal_median,validation,22,2023-02,3554.0,661.0
seasonal_median,validation,22,2023-03,39146.0,11197.5
seasonal_median,validation,22,2023-04,308591.0,71115.5
seasonal_median,validation,22,2023-05,93531.0,115114.0
seasonal_median,validation,22,2023-06,90085.0,47301.5
seasonal_median,validation,22,2023-07,2962.0,8423.5
seasonal_median,validation,22,2023-08,592.0,563.5
seasonal_median,validation,33,2022-05,399.0,187.0
seasonal_median,validation,33,2022-06,4297.0,751.0
seasonal_median,validation,33,2022-07,3500.0,333.0
seasonal_median,validation,33,2022-08,39.0,108.0
seasonal_median,validation,33,2023-05,513.0,187.0
seasonal_median,validation,33,2023-06,5531.0,751.0
seasonal_median,validation,33,2023-07,4505.0,333.0
seasonal_median,validation,33,2023-08,50.0,108.0
seasonal_median,validation,53,2022-05,2020.0,688.0
seasonal_median,validation,53,2022-06,13869.0,1770.5
seasonal_median,validation,53,2022-07,10292.0,5572.5
seasonal_median,validation,53,2022-08,4981.0,2833.5
seasonal_median,validation,53,2022-09,1585.0,759.0
seasonal_median,validation,53,2023-04,1186.0,240.5
seasonal_median,validation,53,2023-05,2998.0,688.0
seasonal_median,validation,53,2023-06,15037.0,1770.5
seasonal_median,validation,53,2023-07,13164.0,5572.5
seasonal_median,validation,53,2023-08,2463.0,2833.5
seasonal_median,validation,53,2023-09,341.0,759.0
seasonal_median,validation,84,2022-01,257.0,763.5
seasonal_median,validation,84,2022-06,8049.0,1307.0
seasonal_median,validation,84,2022-07,31058.0,7030.5
seasonal_median,validation,84,2022-08,1595.0,14326.0
seasonal_median,validation,84,2022-09,2335.0,4792.0
seasonal_median,validation,84,2022-10,785.0,2173.0
seasonal_median,validation,84,2022-11,2053.0,1624.0
seasonal_median,validation,84,2022-12,2195.0,617.0
seasonal_median,validation,84,2023-01,2565.0,763.5
seasonal_median,validation,84,2023-02,1956.0,581.5
seasonal_median,validation,84,2023-03,109.0,919.0
seasonal_median,validation,84,2023-05,56.0,78.0
seasonal_median,validation,84,2023-06,9027.0,1307.0
seasonal_median,validation,84,2023-07,28108.0,7030.5
seasonal_median,validation,84,2023-08,20736.0,14326.0
seasonal_median,validation,84,2023-09,9815.0,4792.0
seasonal_median,validation,84,2023-10,2087.0,2173.0
seasonal_median,validation,84,2023-11,234.0,1624.0
seasonal_median,validation,84,2023-12,2324.0,617.0
seasonal_median,validation,86,2022-01,5740.0,2556.0
seasonal_median,validation,86,2022-02,848.0,2137.0
seasonal_median,validation,86,2022-03,195.0,2270.0
seasonal_median,validation,86,2022-05,5812.0,2997.5
seasonal_median,validation,86,2022-06,111499.0,9210.5
seasonal_median,validation,86,2022-07,53067.0,27467.5
seasonal_median,validation,86,2022-08,1617.0,39246.5
seasonal_median,validation,86,2022-09,340.0,22022.5
seasonal_median,validation,86,2022-10,10606.0,9138.5
seasonal_median,validation,86,2022-11,21796.0,4260.0
seasonal_median,validation,86,2022-12,49712.0,3106.0
seasonal_median,validation,86,2023-01,6677.0,2556.0
seasonal_median,validation,86,2023-02,6102.0,2137.0
seasonal_median,validation,86,2023-06,169362.0,9210.5
seasonal_median,validation,86,2023-07,39944.0,27467.5
seasonal_median,validation,86,2023-08,6525.0,39246.5
seasonal_median,validation,86,2023-09,16193.0,22022.5
seasonal_median,validation,86,2023-10,11716.0,9138.5
seasonal_median,validation,86,2023-11,5388.0,4260.0
seasonal_median,validation,86,2023-12,9563.0,3106.0
seasonal_median,test,22,2024-01,45.0,519.5
seasonal_median,test,22,2024-02,404.0,661.0
seasonal_median,test,22,2024-03,4083.0,11197.5
seasonal_median,test,22,2024-04,179881.0,71115.5
seasonal_median,test,22,2024-05,243460.0,115114.0
seasonal_median,test,22,2024-06,20819.0,47301.5
seasonal_median,test,22,2025-02,518.0,661.0
seasonal_median,test,22,2025-03,7541.0,11197.5
seasonal_median,test,22,2025-04,131354.0,71115.5
seasonal_median,test,22,2025-05,326602.0,115114.0
seasonal_median,test,22,2025-06,104473.0,47301.5
seasonal_median,test,22,2025-07,5123.0,8423.5
seasonal_median,test,33,2024-05,1596.0,187.0
seasonal_median,test,33,2024-06,3803.0,751.0
seasonal_median,test,33,2024-07,3869.0,333.0
seasonal_median,test,33,2024-08,122.0,108.0
seasonal_median,test,33,2025-05,1438.0,187.0
seasonal_median,test,33,2025-06,10366.0,751.0
seasonal_median,test,33,2025-07,5922.0,333.0
seasonal_median,test,33,2025-08,878.0,108.0
seasonal_median,test,53,2024-04,1021.0,240.5
seasonal_median,test,53,2024-05,1701.0,688.0
seasonal_median,test,53,2024-06,3403.0,1770.5
seasonal_median,test,53,2024-07,14292.0,5572.5
seasonal_median,test,53,2024-08,10208.0,2833.5
seasonal_median,test,53,2024-09,3403.0,759.0
seasonal_median,test,53,2025-04,56.0,240.5
seasonal_median,test,53,2025-05,3897.0,688.0
seasonal_median,test,53,2025-06,18274.0,1770.5
seasonal_median,test,53,2025-07,12171.0,5572.5
seasonal_median,test,53,2025-08,3599.0,2833.5
seasonal_median,test,53,2025-09,1687.0,759.0
seasonal_median,test,84,2024-01,2632.0,763.5
seasonal_median,test,84,2024-02,1791.0,581.5
seasonal_median,test,84,2024-03,621.0,919.0
seasonal_median,test,84,2024-05,70.0,78.0
seasonal_median,test,84,2024-06,8996.0,1307.0
seasonal_median,test,84,2024-07,27784.0,7030.5
seasonal_median,test,84,2024-08,18257.0,14326.0
seasonal_median,test,84,2024-09,5983.0,4792.0
seasonal_median,test,84,2024-10,715.0,2173.0
seasonal_median,test,84,2024-11,743.0,1624.0
seasonal_median,test,84,2024-12,1019.0,617.0
seasonal_median,test,84,2025-01,877.0,763.5
seasonal_median,test,84,2025-02,336.0,581.5
seasonal_median,test,84,2025-03,52.0,919.0
seasonal_median,test,84,2025-05,148.0,78.0
seasonal_median,test,84,2025-06,9297.0,1307.0
seasonal_median,test,84,2025-07,33905.0,7030.5
seasonal_median,test,84,2025-08,23993.0,14326.0
seasonal_median,test,84,2025-09,5702.0,4792.0
seasonal_median,test,84,2025-10,150.0,2173.0
seasonal_median,test,84,2025-11,2318.0,1624.0
seasonal_median,test,84,2025-12,3166.0,617.0
seasonal_median,test,86,2024-01,2234.0,2556.0
seasonal_median,test,86,2024-02,1856.0,2137.0
seasonal_median,test,86,2024-03,120.0,2270.0
seasonal_median,test,86,2024-05,10000.0,2997.5
seasonal_median,test,86,2024-06,79730.0,9210.5
seasonal_median,test,86,2024-07,17773.0,27467.5
seasonal_median,test,86,2024-08,41615.0,39246.5
seasonal_median,test,86,2024-09,32675.0,22022.5
seasonal_median,test,86,2024-10,10770.0,9138.5
seasonal_median,test,86,2024-11,9979.0,4260.0
seasonal_median,test,86,2024-12,19822.0,3106.0
seasonal_median,test,86,2025-01,2219.0,2556.0
seasonal_median,test,86,2025-02,8006.0,2137.0
seasonal_median,test,86,2025-05,968.0,2997.5
seasonal_median,test,86,2025-06,100922.0,9210.5
seasonal_median,test,86,2025-07,120405.0,27467.5
seasonal_median,test,86,2025-08,8183.0,39246.5
seasonal_median,test,86,2025-09,12017.0,22022.5
seasonal_median,test,86,2025-10,10331.0,9138.5
seasonal_median,test,86,2025-11,9640.0,4260.0
seasonal_median,test,86,2025-12,6149.0,3106.0
ridge_season,validation,22,2022-02,114.0,2149.741262322621
ridge_season,validation,22,2022-03,15850.0,13540.330044623963
ridge_season,validation,22,2022-04,103308.0,83207.66789670031
ridge_season,validation,22,2022-05,269903.0,119569.76239262035
ridge_season,validation,22,2022-06,152341.0,47072.144517274326
ridge_season,validation,22,2022-07,28621.0,9035.479520394254
ridge_season,validation,22,2023-02,3554.0,2149.741262322621
ridge_season,validation,22,2023-03,39146.0,13540.330044623963
ridge_season,validation,22,2023-04,308591.0,83207.66789670031
ridge_season,validation,22,2023-05,93531.0,119569.76239262035
ridge_season,validation,22,2023-06,90085.0,47072.144517274326
ridge_season,validation,22,2023-07,2962.0,9035.479520394254
ridge_season,validation,22,2023-08,592.0,4910.610708277209
ridge_season,validation,33,2022-05,399.0,384.3338247263164
ridge_season,validation,33,2022-06,4297.0,1239.3882868039927
ridge_season,validation,33,2022-07,3500.0,780.614580601954
ridge_season,validation,33,2022-08,39.0,443.1671940768774
ridge_season,validation,33,2023-05,513.0,384.3338247263164
ridge_season,validation,33,2023-06,5531.0,1239.3882868039927
ridge_season,validation,33,2023-07,4505.0,780.614580601954
ridge_season,validation,33,2023-08,50.0,443.1671940768774
ridge_season,validation,53,2022-05,2020.0,1544.9686237530077
ridge_season,validation,53,2022-06,13869.0,3754.90722955813
ridge_season,validation,53,2022-07,10292.0,5691.149874229723
ridge_season,validation,53,2022-08,4981.0,3265.7345028998407
ridge_season,validation,53,2022-09,1585.0,1475.6591428596985
ridge_season,validation,53,2023-04,1186.0,564.0824307190614
ridge_season,validation,53,2023-05,2998.0,1544.9686237530077
ridge_season,validation,53,2023-06,15037.0,3754.90722955813
ridge_season,validation,53,2023-07,13164.0,5691.149874229723
ridge_season,validation,53,2023-08,2463.0,3265.7345028998407
ridge_season,validation,53,2023-09,341.0,1475.6591428596985
ridge_season,validation,84,2022-01,257.0,1562.4824134223163
ridge_season,validation,84,2022-06,8049.0,1822.1797458165402
ridge_season,validation,84,2022-07,31058.0,8107.161232037152
ridge_season,validation,84,2022-08,1595.0,13506.650554334325
ridge_season,validation,84,2022-09,2335.0,5505.0378856810585
ridge_season,validation,84,2022-10,785.0,2700.7071151516266
ridge_season,validation,84,2022-11,2053.0,2228.781267680115
ridge_season,validation,84,2022-12,2195.0,1252.3406842322056
ridge_season,validation,84,2023-01,2565.0,1562.4824134223163
ridge_season,validation,84,2023-02,1956.0,1570.5506164175058
ridge_season,validation,84,2023-03,109.0,1133.6495468657868
ridge_season,validation,84,2023-05,56.0,564.9053001535485
ridge_season,validation,84,2023-06,9027.0,1822.1797458165402
ridge_season,validation,84,2023-07,28108.0,8107.161232037152
ridge_season,validation,84,2023-08,20736.0,13506.650554334325
ridge_season,validation,84,2023-09,9815.0,5505.0378856810585
ridge_season,validation,84,2023-10,2087.0,2700.7071151516266
ridge_season,validation,84,2023-11,234.0,2228.781267680115
ridge_season,validation,84,2023-12,2324.0,1252.3406842322056
ridge_season,validation,86,2022-01,5740.0,3665.18569601783
ridge_season,validation,86,2022-02,848.0,4103.674506169926
ridge_season,validation,86,2022-03,195.0,2502.1647106929686
ridge_season,validation,86,2022-05,5812.0,3603.5163072543364
ridge_season,validation,86,2022-06,111499.0,11862.424399333238
ridge_season,validation,86,2022-07,53067.0,31201.832882718027
ridge_season,validation,86,2022-08,1617.0,43161.277730880276
ridge_season,validation,86,2022-09,340.0,28066.141117958177
ridge_season,validation,86,2022-10,10606.0,10484.463045810397
ridge_season,validation,86,2022-11,21796.0,5866.762772725477
ridge_season,validation,86,2022-12,49712.0,4411.605167632568
ridge_season,validation,86,2023-01,6677.0,3665.18569601783
ridge_season,validation,86,2023-02,6102.0,4103.674506169926
ridge_season,validation,86,2023-06,169362.0,11862.424399333238
ridge_season,validation,86,2023-07,39944.0,31201.832882718027
ridge_season,validation,86,2023-08,6525.0,43161.277730880276
ridge_season,validation,86,2023-09,16193.0,28066.141117958177
ridge_season,validation,86,2023-10,11716.0,10484.463045810397
ridge_season,validation,86,2023-11,5388.0,5866.762772725477
ridge_season,validation,86,2023-12,9563.0,4411.605167632568
ridge_season,test,22,2024-01,45.0,851.3423768621487
ridge_season,test,22,2024-02,404.0,2149.741262322621
ridge_season,test,22,2024-03,4083.0,13540.330044623963
ridge_season,test,22,2024-04,179881.0,83207.66789670031
ridge_season,test,22,2024-05,243460.0,119569.76239262035
ridge_season,test,22,2024-06,20819.0,47072.144517274326
ridge_season,test,22,2025-02,518.0,2149.741262322621
ridge_season,test,22,2025-03,7541.0,13540.330044623963
ridge_season,test,22,2025-04,131354.0,83207.66789670031
ridge_season,test,22,2025-05,326602.0,119569.76239262035
ridge_season,test,22,2025-06,104473.0,47072.144517274326
ridge_season,test,22,2025-07,5123.0,9035.479520394254
ridge_season,test,33,2024-05,1596.0,384.3338247263164
ridge_season,test,33,2024-06,3803.0,1239.3882868039927
ridge_season,test,33,2024-07,3869.0,780.614580601954
ridge_season,test,33,2024-08,122.0,443.1671940768774
ridge_season,test,33,2025-05,1438.0,384.3338247263164
ridge_season,test,33,2025-06,10366.0,1239.3882868039927
ridge_season,test,33,2025-07,5922.0,780.614580601954
ridge_season,test,33,2025-08,878.0,443.1671940768774
ridge_season,test,53,2024-04,1021.0,564.0824307190614
ridge_season,test,53,2024-05,1701.0,1544.9686237530077
ridge_season,test,53,2024-06,3403.0,3754.90722955813
ridge_season,test,53,2024-07,14292.0,5691.149874229723
ridge_season,test,53,2024-08,10208.0,3265.7345028998407
ridge_season,test,53,2024-09,3403.0,1475.6591428596985
ridge_season,test,53,2025-04,56.0,564.0824307190614
ridge_season,test,53,2025-05,3897.0,1544.9686237530077
ridge_season,test,53,2025-06,18274.0,3754.90722955813
ridge_season,test,53,2025-07,12171.0,5691.149874229723
ridge_season,test,53,2025-08,3599.0,3265.7345028998407
ridge_season,test,53,2025-09,1687.0,1475.6591428596985
ridge_season,test,84,2024-01,2632.0,1562.4824134223163
ridge_season,test,84,2024-02,1791.0,1570.5506164175058
ridge_season,test,84,2024-03,621.0,1133.6495468657868
ridge_season,test,84,2024-05,70.0,564.9053001535485
ridge_season,test,84,2024-06,8996.0,1822.1797458165402
ridge_season,test,84,2024-07,27784.0,8107.161232037152
ridge_season,test,84,2024-08,18257.0,13506.650554334325
ridge_season,test,84,2024-09,5983.0,5505.0378856810585
ridge_season,test,84,2024-10,715.0,2700.7071151516266
ridge_season,test,84,2024-11,743.0,2228.781267680115
ridge_season,test,84,2024-12,1019.0,1252.3406842322056
ridge_season,test,84,2025-01,877.0,1562.4824134223163
ridge_season,test,84,2025-02,336.0,1570.5506164175058
ridge_season,test,84,2025-03,52.0,1133.6495468657868
ridge_season,test,84,2025-05,148.0,564.9053001535485
ridge_season,test,84,2025-06,9297.0,1822.1797458165402
ridge_season,test,84,2025-07,33905.0,8107.161232037152
ridge_season,test,84,2025-08,23993.0,13506.650554334325
ridge_season,test,84,2025-09,5702.0,5505.0378856810585
ridge_season,test,84,2025-10,150.0,2700.7071151516266
ridge_season,test,84,2025-11,2318.0,2228.781267680115
ridge_season,test,84,2025-12,3166.0,1252.3406842322056
ridge_season,test,86,2024-01,2234.0,3665.18569601783
ridge_season,test,86,2024-02,1856.0,4103.674506169926
ridge_season,test,86,2024-03,120.0,2502.1647106929686
ridge_season,test,86,2024-05,10000.0,3603.5163072543364
ridge_season,test,86,2024-06,79730.0,11862.424399333238
ridge_season,test,86,2024-07,17773.0,31201.832882718027
ridge_season,test,86,2024-08,41615.0,43161.277730880276
ridge_season,test,86,2024-09,32675.0,28066.141117958177
ridge_season,test,86,2024-10,10770.0,10484.463045810397
ridge_season,test,86,2024-11,9979.0,5866.762772725477
ridge_season,test,86,2024-12,19822.0,4411.605167632568
ridge_season,test,86,2025-01,2219.0,3665.18569601783
ridge_season,test,86,2025-02,8006.0,4103.674506169926
ridge_season,test,86,2025-05,968.0,3603.5163072543364
ridge_season,test,86,2025-06,100922.0,11862.424399333238
ridge_season,test,86,2025-07,120405.0,31201.832882718027
ridge_season,test,86,2025-08,8183.0,43161.277730880276
ridge_season,test,86,2025-09,12017.0,28066.141117958177
ridge_season,test,86,2025-10,10331.0,10484.463045810397
ridge_season,test,86,2025-11,9640.0,5866.762772725477
ridge_season,test,86,2025-12,6149.0,4411.605167632568
ridge_weather,validation,22,2022-02,114.0,4498.671022425988
ridge_weather,validation,22,2022-03,15850.0,15699.47152153699
ridge_weather,validation,22,2022-04,103308.0,84584.59884396123
ridge_weather,validation,22,2022-05,269903.0,120365.11850855382
ridge_weather,validation,22,2022-06,152341.0,43402.92033256696
ridge_weather,validation,22,2022-07,28621.0,9789.796267774416
ridge_weather,validation,22,2023-02,3554.0,0.0
ridge_weather,validation,22,2023-03,39146.0,15553.356693906093
ridge_weather,validation,22,2023-04,308591.0,87176.96693944065
ridge_weather,validation,22,2023-05,93531.0,120287.34485015378
ridge_weather,validation,22,2023-06,90085.0,48892.47851585045
ridge_weather,validation,22,2023-07,2962.0,8925.39809372374
ridge_weather,validation,22,2023-08,592.0,864.5060969243605
ridge_weather,validation,33,2022-05,399.0,500.30033657414606
ridge_weather,validation,33,2022-06,4297.0,0.0
ridge_weather,validation,33,2022-07,3500.0,1293.5077463728867
ridge_weather,validation,33,2022-08,39.0,1777.2171877958062
ridge_weather,validation,33,2023-05,513.0,0.0
ridge_weather,validation,33,2023-06,5531.0,0.0
ridge_weather,validation,33,2023-07,4505.0,702.4876434090547
ridge_weather,validation,33,2023-08,50.0,1525.2665716297051
ridge_weather,validation,53,2022-05,2020.0,1172.3500633146687
ridge_weather,validation,53,2022-06,13869.0,467.75217450168566
ridge_weather,validation,53,2022-07,10292.0,7030.290920831532
ridge_weather,validation,53,2022-08,4981.0,6317.266069241179
ridge_weather,validation,53,2022-09,1585.0,2961.031772887023
ridge_weather,validation,53,2023-04,1186.0,2757.8408288205756
ridge_weather,validation,53,2023-05,2998.0,0.0
ridge_weather,validation,53,2023-06,15037.0,4509.989167474059
ridge_weather,validation,53,2023-07,13164.0,7157.832645784495
ridge_weather,validation,53,2023-08,2463.0,5826.538578341191
ridge_weather,validation,53,2023-09,341.0,0.0
ridge_weather,validation,84,2022-01,257.0,3002.571828401433
ridge_weather,validation,84,2022-06,8049.0,1755.0145142321671
ridge_weather,validation,84,2022-07,31058.0,12160.632463769789
ridge_weather,validation,84,2022-08,1595.0,15394.154585183987
ridge_weather,validation,84,2022-09,2335.0,5353.241502549212
ridge_weather,validation,84,2022-10,785.0,4972.680393633498
ridge_weather,validation,84,2022-11,2053.0,1803.5580515748825
ridge_weather,validation,84,2022-12,2195.0,74.2149023706661
ridge_weather,validation,84,2023-01,2565.0,46.44326907962386
ridge_weather,validation,84,2023-02,1956.0,0.0
ridge_weather,validation,84,2023-03,109.0,0.0
ridge_weather,validation,84,2023-05,56.0,0.0
ridge_weather,validation,84,2023-06,9027.0,5719.866854004789
ridge_weather,validation,84,2023-07,28108.0,8254.003468848081
ridge_weather,validation,84,2023-08,20736.0,12884.678349095295
ridge_weather,validation,84,2023-09,9815.0,9102.968568598742
ridge_weather,validation,84,2023-10,2087.0,1923.592692969538
ridge_weather,validation,84,2023-11,234.0,6849.634247479868
ridge_weather,validation,84,2023-12,2324.0,0.0
ridge_weather,validation,86,2022-01,5740.0,4956.910293064366
ridge_weather,validation,86,2022-02,848.0,7956.690778521156
ridge_weather,validation,86,2022-03,195.0,1262.5717352915053
ridge_weather,validation,86,2022-05,5812.0,2095.210936993828
ridge_weather,validation,86,2022-06,111499.0,10161.841713437427
ridge_weather,validation,86,2022-07,53067.0,36441.6622988065
ridge_weather,validation,86,2022-08,1617.0,45016.39096918794
ridge_weather,validation,86,2022-09,340.0,26922.83081505476
ridge_weather,validation,86,2022-10,10606.0,10758.879011645964
ridge_weather,validation,86,2022-11,21796.0,7835.38695495884
ridge_weather,validation,86,2022-12,49712.0,3411.1325415534156
ridge_weather,validation,86,2023-01,6677.0,3797.559158764425
ridge_weather,validation,86,2023-02,6102.0,3676.1096333456444
ridge_weather,validation,86,2023-06,169362.0,11846.032970232822
ridge_weather,validation,86,2023-07,39944.0,30848.733015796348
ridge_weather,validation,86,2023-08,6525.0,43917.21589526519
ridge_weather,validation,86,2023-09,16193.0,30696.68458511474
ridge_weather,validation,86,2023-10,11716.0,11472.227922627146
ridge_weather,validation,86,2023-11,5388.0,6480.60861809973
ridge_weather,validation,86,2023-12,9563.0,2945.4291258969934
ridge_weather,test,22,2024-01,45.0,307.1005579658704
ridge_weather,test,22,2024-02,404.0,3560.8021535433945
ridge_weather,test,22,2024-03,4083.0,15678.33019475904
ridge_weather,test,22,2024-04,179881.0,83014.1730066586
ridge_weather,test,22,2024-05,243460.0,123739.13001547848
ridge_weather,test,22,2024-06,20819.0,49521.87323514803
ridge_weather,test,22,2025-02,518.0,1165.5207773749225
ridge_weather,test,22,2025-03,7541.0,13819.754290487983
ridge_weather,test,22,2025-04,131354.0,84898.91881840244
ridge_weather,test,22,2025-05,326602.0,120766.29439154894
ridge_weather,test,22,2025-06,104473.0,49707.13267797018
ridge_weather,test,22,2025-07,5123.0,5222.00910625868
ridge_weather,test,33,2024-05,1596.0,197.6258285198346
ridge_weather,test,33,2024-06,3803.0,0.0
ridge_weather,test,33,2024-07,3869.0,65.98534553513309
ridge_weather,test,33,2024-08,122.0,0.0
ridge_weather,test,33,2025-05,1438.0,0.0
ridge_weather,test,33,2025-06,10366.0,0.0
ridge_weather,test,33,2025-07,5922.0,0.0
ridge_weather,test,33,2025-08,878.0,0.0
ridge_weather,test,53,2024-04,1021.0,2785.312142932835
ridge_weather,test,53,2024-05,1701.0,2689.212850459655
ridge_weather,test,53,2024-06,3403.0,4781.408665471145
ridge_weather,test,53,2024-07,14292.0,4200.4681351897
ridge_weather,test,53,2024-08,10208.0,668.0005316415463
ridge_weather,test,53,2024-09,3403.0,4980.184128435372
ridge_weather,test,53,2025-04,56.0,586.8601928975258
ridge_weather,test,53,2025-05,3897.0,1220.9109337355767
ridge_weather,test,53,2025-06,18274.0,2747.0282765612374
ridge_weather,test,53,2025-07,12171.0,2260.2480672923066
ridge_weather,test,53,2025-08,3599.0,440.92379916497885
ridge_weather,test,53,2025-09,1687.0,4462.138718058812
ridge_weather,test,84,2024-01,2632.0,1312.901526562302
ridge_weather,test,84,2024-02,1791.0,2462.5514523910097
ridge_weather,test,84,2024-03,621.0,3483.511891915163
ridge_weather,test,84,2024-05,70.0,3283.875499919326
ridge_weather,test,84,2024-06,8996.0,0.0
ridge_weather,test,84,2024-07,27784.0,6841.340451787948
ridge_weather,test,84,2024-08,18257.0,10734.231218175526
ridge_weather,test,84,2024-09,5983.0,9517.711346936645
ridge_weather,test,84,2024-10,715.0,2096.9236869253527
ridge_weather,test,84,2024-11,743.0,3847.4757234856115
ridge_weather,test,84,2024-12,1019.0,0.0
ridge_weather,test,84,2025-01,877.0,3011.5708186765514
ridge_weather,test,84,2025-02,336.0,0.0
ridge_weather,test,84,2025-03,52.0,671.3245162984422
ridge_weather,test,84,2025-05,148.0,2310.615760358698
ridge_weather,test,84,2025-06,9297.0,0.0
ridge_weather,test,84,2025-07,33905.0,9275.014589427572
ridge_weather,test,84,2025-08,23993.0,14761.46687677966
ridge_weather,test,84,2025-09,5702.0,4826.402396883213
ridge_weather,test,84,2025-10,150.0,2998.3696471413823
ridge_weather,test,84,2025-11,2318.0,99.13977811245786
ridge_weather,test,84,2025-12,3166.0,1151.0792838005782
ridge_weather,test,86,2024-01,2234.0,5593.47734431531
ridge_weather,test,86,2024-02,1856.0,3270.1528712916297
ridge_weather,test,86,2024-03,120.0,3192.743193287348
ridge_weather,test,86,2024-05,10000.0,5451.957107383054
ridge_weather,test,86,2024-06,79730.0,8742.448747757217
ridge_weather,test,86,2024-07,17773.0,28694.51345309827
ridge_weather,test,86,2024-08,41615.0,42521.18258159508
ridge_weather,test,86,2024-09,32675.0,30775.18402151702
ridge_weather,test,86,2024-10,10770.0,9138.288932661993
ridge_weather,test,86,2024-11,9979.0,7290.851897426616
ridge_weather,test,86,2024-12,19822.0,5361.444992772256
ridge_weather,test,86,2025-01,2219.0,7228.012273459112
ridge_weather,test,86,2025-02,8006.0,4128.401690095932
ridge_weather,test,86,2025-05,968.0,5580.905273071217
ridge_weather,test,86,2025-06,100922.0,6578.017899624507
ridge_weather,test,86,2025-07,120405.0,31275.37809464001
ridge_weather,test,86,2025-08,8183.0,42508.58079751552
ridge_weather,test,86,2025-09,12017.0,30343.191959571923
ridge_weather,test,86,2025-10,10331.0,9948.737099508133
ridge_weather,test,86,2025-11,9640.0,3811.813622374273
ridge_weather,test,86,2025-12,6149.0,4559.5551232410835
